bowl,kind,date,kickoff,venue,city,state,tieIn1,tieIn2,scheduleWeek,scheduleSlot,BMFD,GTOD,BLGO,SGID,BNME,BIDX,BCI1,BCR1,BCI2,BCR2,UTID,SGNM,BMON,SEWN,BPLO,BDAY
GMAC Bowl,bowl,12/20,8:00pm,GMAC Bowl,Mobile,AL,MAC #1,C-USA #2,18,1,164,1200,19,163,GMAC Bowl,0,7,1,4,2,19,1,12,18,16,20
Las Vegas Bowl,bowl,12/21,9:30pm,Sam Boyd Stadium,Las Vegas,NV,Mountain West #1,Pac-10 #4,18,2,160,1290,16,159,Las Vegas Bowl,1,9,1,10,4,25,2,12,18,12,21
Fort Worth Bowl,bowl,12/23,6:30pm,Amon G. Carter Stadium,Fort Worth,TX,C-USA #3,Mountain West #3,18,4,168,1110,23,167,Fort Worth Bowl,2,4,3,9,3,34,4,12,18,20,23
Emerald Bowl,bowl,12/27,8:00pm,Emerald Bowl,San Francisco,CA,Pac-10 #7,ACC #7,19,2,148,1200,5,145,Emerald Bowl,3,10,7,0,7,33,2,12,19,1,27
Motor City Bowl,bowl,12/26,5:30pm,Ford Field,Detroit,MI,MAC #2,Big Ten #6,19,0,165,1050,20,164,Motor City Bowl,4,7,2,1,6,26,0,12,19,17,26
Houston Bowl,bowl,12/30,3:30pm,Reliant Stadium°,Houston,TX,C-USA #5,Big 12 #7,19,11,153,930,9,152,Houston Bowl,5,4,5,2,7,21,11,12,19,6,30
MPC Computers Bowl,bowl,12/28,2:00pm,Bronco Stadium,Boise,ID,WAC #1,ACC #6,19,3,157,840,13,156,MPC Computers Bowl,6,14,1,0,6,22,3,12,19,9,28
Insight Bowl,bowl,12/30,9:30pm,Insight Bowl,Phoenix,AZ,Big East #3,Pac-10 #3,19,13,159,1290,15,158,Insight Bowl,7,3,3,10,3,24,13,12,19,11,30
Champs Sports Bowl,bowl,12/29,7:30pm,Champs Sports Bowl,Orlando,FL,ACC #4,Big Ten #5,19,7,163,1170,18,162,Champs Sports Bowl,8,0,4,1,5,38,7,12,19,15,29
Music City Bowl,bowl,12/29,12:00pm,Music City Bowl,Nashville,TN,ACC #5,SEC #6,19,5,166,720,21,165,Music City Bowl,9,0,5,11,6,27,5,12,19,18,29
Autozone Liberty Bowl,bowl,12/30,3:30pm,Liberty Bowl Memorial Stadium,Memphis,TN,C-USA #1,SEC #8,19,10,161,930,17,160,Autozone Liberty Bowl,10,4,1,11,8,14,10,12,19,13,30
Sun Bowl,bowl,12/29,2:00pm,Sun Bowl,El Paso,TX,Big East #2,Pac-10 #5,19,6,178,840,31,177,Sun Bowl,11,3,2,10,5,37,6,12,19,29,29
Chick-fil-A Bowl,bowl,12/30,7:30pm,Georgia Dome±,Atlanta,GA,ACC #2,SEC #5,19,12,171,1170,26,170,Chick-fil-A Bowl,12,0,2,11,5,31,12,12,19,23,30
Holiday Bowl,bowl,12/28,8:00pm,QUALCOMM Stadium°,San Diego,CA,Pac-10 #2,Big 12 #3,19,4,156,1200,12,180,Holiday Bowl,13,10,2,2,3,20,4,12,19,8,28
MasterCard Alamo Bowl,bowl,12/29,8:00pm,Alamodome,San Antonio,TX,Big Ten #4,Big 12 #5,19,8,147,1200,4,144,MasterCard Alamo Bowl,14,1,4,2,5,13,8,12,19,0,29
Poinsettia Bowl,bowl,12/19,10:00pm,QUALCOMM Stadium°,San Diego,CA,Mountain West #2,at-large,18,0,176,1320,29,175,Poinsettia Bowl,15,9,2,17,0,35,0,12,18,27,19
Independence Bowl,bowl,12/27,7:30pm,Independence Stadium,Shreveport,LA,Big 12 #6,SEC #7,19,1,158,1170,14,157,Independence Bowl,16,2,6,11,7,23,1,12,19,10,27
AT&T Cotton Bowl,bowl,1/1,11:00am,Cotton Bowl,Dallas,TX,Big 12 #2,SEC #3,20,1,151,660,7,148,AT&T Cotton Bowl,17,2,2,11,3,15,1,1,20,4,1
Outback Bowl,bowl,1/1,11:00am,Raymond James Stadium±,Tampa,FL,Big Ten #3,SEC #4,20,0,170,660,25,169,Outback Bowl,18,1,3,11,4,30,0,1,20,22,1
Gator Bowl,bowl,1/1,12:30pm,ALLTEL Stadium°,Jacksonville,FL,ACC #3,Big 12 #4,20,2,154,750,10,153,Gator Bowl,19,0,3,2,4,18,2,1,20,7,1
Capital One Bowl,bowl,1/1,1:00pm,Capital One Bowl,Orlando,FL,Big Ten #2,SEC #2,20,3,150,780,6,147,Capital One Bowl,20,1,2,11,2,17,3,1,20,3,1
Rose Bowl,bowl,1/1,5:00pm,Rose Bowl,Pasadena,CA,Big Ten #1,Pac-10 #1,20,4,174,1020,28,173,Rose Bowl,21,1,1,10,1,32,4,1,20,25,1
Fiesta Bowl,bowl,1/1,8:30pm,Sun Devil° Stadium,Tempe,AZ,Big 12 #1,at-large,20,7,152,1230,8,150,Fiesta Bowl,22,2,1,17,0,16,7,1,20,5,1
Sugar Bowl,bowl,1/1,8:00pm,Louisiana Superdome°,New Orleans,LA,SEC #1,at-large,20,6,177,1200,30,176,Sugar Bowl,23,11,1,17,0,36,6,1,20,28,1
Orange Bowl±,bowl,1/1,8:00pm,Dolphin Stadium,Miami,FL,ACC #1,Big East #1,20,5,169,1200,24,168,Orange Bowl±,24,0,1,3,1,29,5,1,20,21,1
New Orleans Bowl,bowl,12/22,8:00pm,Louisiana Superdome°,New Orleans,LA,MAC #3,C-USA #4,18,3,167,1200,22,166,New Orleans Bowl,25,7,3,4,4,28,3,12,18,19,22
Hawaii Bowl,bowl,12/24,2:00pm,Aloha Stadium°,Honolulu,HI,WAC #2,Pac-10 #6,18,5,155,840,11,185,Hawaii Bowl,26,14,2,10,6,79,5,12,18,31,24
Meineke Car Care Bowl,bowl,12/30,1:00pm,Bank of America Stadium,Charlotte,NC,Big East #4,ACC #7,19,9,173,780,32,186,Meineke Car Care Bowl,27,3,4,0,7,80,9,12,19,32,30
Big 12 Championship,conference championship,12/2,8:00pm,Arrowhead Stadium°,Kansas City,MO,Big 12 #1,Big 12 #1,15,2,149,1200,0,146,Big 12 Championship,28,2,1,2,1,4,2,12,15,2,2
MAC Championship,conference championship,12/2,8:00pm,Ford Field,Detroit,MI,MAC #1,MAC #1,15,0,162,1200,1,161,MAC Championship,29,7,1,7,1,7,0,12,15,14,2
SEC Championship,conference championship,12/2,5:00pm,Georgia Dome±,Atlanta,GA,SEC #1,SEC #1,15,1,175,1020,2,174,SEC Championship,30,11,1,11,1,10,1,12,15,26,2
ACC Championship,conference championship,12/2,1:00pm,ALLTEL Stadium°,Jacksonville,FL,ACC #1,ACC #1,15,3,233,780,33,244,ACC Championship,31,0,1,0,1,2,3,12,15,33,2
CUSA Championship,conference championship,12/2,5:00pm,TBD,,,C-USA #1,C-USA #1,15,4,234,1020,3,255,CUSA Championship,32,4,1,4,1,6,4,12,15,30,2
National Championship,bowl,1/8,5:00pm,TBD,,,at-large,at-large,21,0,236,1020,34,255,National Championship,33,17,0,17,0,1,0,1,21,34,8
