coach,team,employed,USid,CCID,CLTF,CCWI,CSWI,CTTL,CRVL,CTWN,CCLO,CSLO,CLTR,CCLS,CSLS,CTLS,CCWS,CSWS,CWST,CTTW,CRVW,CFEX,CDTA,COTA,CDID,CPID,CPRE,C25L,CCOL,CCRL,CLFN,CLLN,CCWN,CCPO,CDTR,COTR,CDTS,COTS,CRWS,COCT,C25W,CCRW,COTY,CThg,CT05,CT15,CT25,CCBB,CDPC,CRPC,CTPC,CFRC,CFUC,CYCD,TGID,PTID,CCTF,COCI,CSKI,CBLL,CNTL,CRTL,CCRN,CCJO,CTOP,CCTP,CHAR,CCYR,CTYR,CSAS,COFS,CCCT,COHT,CCNT,CDST,COST,CBLW,CCSW,CCTW,CNTW,CRTW,CNVW,CCEX,CCFY,CBSZ,CTgw
AF Coach,Air Force Falcons,yes,0,0,65535,0,0,0,0,0,0,0,65535,0,0,0,0,0,0,0,0,2,50,77,125,0,2,0,0,0,,AF Coach,0,50,55,25,45,65,0,0,0,0,0,1,0,0,0,0,33,35,32,1,0,0,1,-1,0,0,2,0,0,0,0,0,2,0,5,0,0,1,0,0,1,0,1,3,0,0,0,0,0,0,0,0,1,0
Zips Coach,Akron Zips,yes,0,1,65535,0,0,0,0,0,0,0,65535,0,0,0,0,0,0,0,0,2,45,73,125,1,2,0,0,0,,Zips Coach,0,50,41,53,55,40,0,0,0,0,0,2,0,0,0,0,35,33,32,1,0,0,2,-1,0,0,0,0,0,0,0,0,2,0,2,0,0,1,1,0,0,0,1,4,0,0,0,0,0,0,0,0,1,1
Bama Coach,Alabama Crimson Tide,yes,0,2,65535,0,0,0,0,0,0,0,65535,0,0,0,0,0,0,0,0,0,50,64,128,2,5,0,0,0,,Bama Coach,0,50,62,33,50,55,0,0,0,0,0,1,0,0,0,0,30,34,36,1,0,0,3,-1,0,0,0,0,0,0,0,0,5,0,2,0,0,1,1,0,1,0,3,2,0,0,0,0,0,0,0,0,0,0
AAMU Coach,,no,0,115,65535,0,0,0,0,0,0,0,65535,0,0,0,0,0,0,0,0,1,55,33,125,121,0,0,0,0,,AAMU Coach,0,50,58,48,60,55,0,0,0,0,0,3,0,0,0,0,38,30,32,1,0,0,511,0,0,0,5,0,0,0,0,0,0,0,0,0,0,1,0,0,0,0,3,2,0,0,0,0,0,0,0,0,2,0
Bama St Coach,,no,0,116,65535,0,0,0,0,0,0,0,65535,0,0,0,0,0,0,0,0,4,50,62,125,121,0,0,0,0,,Bama St Coach,0,50,64,57,65,55,0,0,0,0,0,3,0,0,0,0,36,31,33,1,0,0,511,0,0,0,5,0,0,0,0,0,0,0,0,0,0,1,1,0,0,0,3,2,0,0,0,0,0,0,0,0,1,0
Alcorn Coach,,no,0,117,65535,0,0,0,0,0,0,0,65535,0,0,0,0,0,0,0,0,4,40,57,125,124,0,0,0,0,,Alcorn Coach,0,50,70,60,45,45,0,0,0,0,0,3,0,0,0,0,27,37,36,1,0,0,511,0,0,0,5,0,0,0,0,0,0,0,0,0,0,1,0,0,0,0,3,2,0,0,0,0,0,0,0,0,1,1
App St Coach,,no,0,155,65535,0,0,0,0,0,0,0,65535,0,0,0,0,0,0,0,0,4,40,46,125,120,0,0,0,0,,App St Coach,0,50,64,49,40,65,0,0,0,0,0,3,0,0,0,0,33,35,32,1,0,0,511,0,0,0,0,0,0,0,0,0,0,0,5,0,0,1,1,0,0,0,3,1,0,0,0,0,0,0,0,0,1,0
Ariz Coach,Arizona Wildcats,yes,0,3,65535,0,0,0,0,0,0,0,65535,0,0,0,0,0,0,0,0,0,65,50,128,4,3,0,0,0,,Ariz Coach,0,50,58,54,45,45,0,0,0,0,0,2,0,0,0,0,34,32,34,1,0,0,4,-1,0,0,0,0,0,0,0,0,3,0,4,0,0,1,1,0,0,0,3,2,0,0,0,0,0,0,0,0,0,0
ASU Coach,Arizona State Sun Devils,yes,0,4,65535,0,0,0,0,0,0,0,65535,0,0,0,0,0,0,0,0,0,35,62,128,3,4,0,0,0,,ASU Coach,0,50,47,56,40,60,0,0,0,0,0,1,0,0,0,0,37,32,31,1,0,0,5,-1,0,0,2,0,0,0,0,0,4,0,2,0,0,1,0,0,1,0,3,2,0,0,0,0,0,0,0,0,0,0
UAPB Coach,,no,0,118,65535,0,0,0,0,0,0,0,65535,0,0,0,0,0,0,0,0,5,70,42,125,122,0,0,0,0,,UAPB Coach,0,50,59,35,40,45,0,0,0,0,0,3,0,0,0,0,36,30,34,1,0,0,511,0,0,0,5,0,0,0,0,0,0,0,0,0,0,1,1,0,0,0,3,2,0,0,0,0,0,0,0,0,2,0
Ark Coach,Arkansas Razorbacks,yes,0,5,65535,0,0,0,0,0,0,0,65535,0,0,0,0,0,0,0,0,2,55,33,128,5,3,0,0,0,,Ark Coach,0,50,44,30,45,55,0,0,0,0,0,4,0,0,0,0,30,32,38,1,0,0,6,-1,0,0,0,0,0,0,0,0,3,0,2,0,0,1,1,0,0,0,3,2,0,0,0,0,0,0,0,0,1,0
Ark St Coach,Arkansas State Indians,yes,0,6,65535,0,0,0,0,0,0,0,65535,0,0,0,0,0,0,0,0,2,45,47,128,6,1,0,0,0,,Ark St Coach,0,50,52,35,55,50,0,0,0,0,0,1,0,0,0,0,39,32,29,1,0,0,7,-1,0,0,0,0,0,0,0,0,1,0,2,0,0,1,0,0,1,0,2,2,0,0,0,0,0,0,0,0,1,0
Army Coach,Army Black Knights,yes,0,7,65535,0,0,0,0,0,0,0,65535,0,0,0,0,0,0,0,0,4,50,42,128,7,1,0,0,0,,Army Coach,0,50,60,47,40,55,0,0,0,0,0,1,0,0,0,0,34,33,33,1,0,0,8,-1,0,0,2,0,0,0,0,0,1,0,2,0,0,1,1,0,1,0,3,2,0,0,0,0,0,0,0,0,0,0
Aub Coach,Auburn Tigers,yes,0,8,65535,0,0,0,0,0,0,0,65535,0,0,0,0,0,0,0,0,2,50,38,128,8,5,0,0,0,,Aub Coach,0,50,47,40,55,60,0,0,0,0,0,1,0,0,0,0,38,32,30,1,0,0,9,-1,0,0,2,0,0,0,0,0,5,0,4,0,0,1,0,0,1,0,3,4,0,0,0,0,0,0,0,0,0,0
Ball St Coach,Ball State Cardinals,yes,0,9,65535,0,0,0,0,0,0,0,65535,0,0,0,0,0,0,0,0,0,50,54,128,10,1,0,0,0,,Ball St Coach,0,50,53,41,55,50,0,0,0,0,0,2,0,0,0,0,33,32,35,1,0,0,10,-1,0,0,0,0,0,0,0,0,1,0,2,0,0,1,1,0,0,0,3,2,0,0,0,0,0,0,0,0,2,0
Baylor Coach,Baylor Bears,yes,0,10,65535,0,0,0,0,0,0,0,65535,0,0,0,0,0,0,0,0,2,40,57,127,11,2,0,0,0,,Baylor Coach,0,50,48,47,45,45,0,0,0,0,0,2,0,0,0,0,30,35,35,1,0,0,11,-1,0,0,0,0,0,0,0,0,2,0,2,0,0,1,0,0,0,0,2,1,0,0,0,0,0,0,0,0,1,0
BCC Coach,,no,0,119,65535,0,0,0,0,0,0,0,65535,0,0,0,0,0,0,0,0,5,50,46,125,123,0,0,0,0,,BCC Coach,0,50,71,36,40,65,0,0,0,0,0,2,0,0,0,0,29,37,34,1,0,0,511,0,0,0,5,0,0,0,0,0,0,0,0,0,0,1,0,0,0,0,3,3,0,0,0,0,0,0,0,0,1,0
Boise Coach,Boise State Broncos,yes,0,11,65535,0,0,0,0,0,0,0,65535,0,0,0,0,0,0,0,0,2,50,46,128,12,3,0,0,0,,Boise Coach,0,50,61,51,40,65,0,0,0,0,0,4,0,0,0,0,30,35,35,1,0,0,12,-1,0,0,0,0,0,0,0,0,3,0,3,0,0,1,1,0,0,0,3,2,0,0,0,0,0,0,0,0,1,0
BC Coach,Boston College Eagles,yes,0,12,65535,0,0,0,0,0,0,0,65535,0,0,0,0,0,0,0,0,4,40,50,128,13,3,0,0,0,,BC Coach,0,50,47,46,55,55,0,0,0,0,0,2,0,0,0,0,36,32,32,1,0,0,13,-1,0,0,0,0,0,0,0,0,3,0,4,0,0,1,0,0,0,0,3,4,0,0,0,0,0,0,0,0,0,0
BGSU Coach,Bowling Green Falcons,yes,0,13,65535,0,0,0,0,0,0,0,65535,0,0,0,0,0,0,0,0,0,50,43,128,14,3,0,0,0,,BGSU Coach,0,50,40,58,40,50,0,0,0,0,0,2,0,0,0,0,35,35,30,1,0,0,14,-1,0,0,0,0,0,0,0,0,3,0,2,0,0,1,1,0,0,0,3,1,0,0,0,0,0,0,0,0,0,1
Brown Coach,,no,0,120,65535,0,0,0,0,0,0,0,65535,0,0,0,0,0,0,0,0,2,60,38,125,121,0,0,0,0,,Brown Coach,0,50,40,55,50,50,0,0,0,0,0,2,0,0,0,0,32,35,33,1,0,0,511,0,0,0,0,0,0,0,0,0,0,0,2,0,0,1,1,0,0,0,3,2,0,0,0,0,0,0,0,0,1,0
Buff Coach,Buffalo Bulls,yes,0,14,65535,0,0,0,0,0,0,0,65535,0,0,0,0,0,0,0,0,2,40,57,128,15,1,0,0,0,,Buff Coach,0,50,59,53,45,55,0,0,0,0,0,2,0,0,0,0,35,31,34,1,0,0,15,-1,0,0,0,0,0,0,0,0,1,0,0,0,0,1,0,0,0,0,3,2,0,0,0,0,0,0,0,0,0,0
BYU Coach,BYU Cougars,yes,0,15,65535,0,0,0,0,0,0,0,65535,0,0,0,0,0,0,0,0,0,70,50,125,9,3,0,0,0,,BYU Coach,0,50,67,67,45,55,0,0,0,0,0,1,0,0,0,0,32,35,33,1,0,0,16,-1,0,0,0,0,0,0,0,0,3,0,2,0,0,1,1,0,1,0,1,1,0,0,0,0,0,0,0,0,0,0
Cal Coach,Cal Golden Bears,yes,0,16,65535,0,0,0,0,0,0,0,65535,0,0,0,0,0,0,0,0,4,70,76,128,16,5,0,0,0,,Cal Coach,0,50,55,52,50,45,0,0,0,0,0,1,0,0,0,0,30,32,38,1,0,0,17,-1,0,0,0,0,0,0,0,0,5,0,2,0,0,1,0,0,1,0,3,4,0,0,0,0,0,0,0,0,0,0
CMU Coach,Central Michigan Chippewas,yes,0,18,65535,0,0,0,0,0,0,0,65535,0,0,0,0,0,0,0,0,2,60,46,128,17,1,0,0,0,,CMU Coach,0,50,51,45,40,60,0,0,0,0,0,2,0,0,0,0,31,34,35,1,0,0,19,-1,0,0,0,0,0,0,0,0,1,0,2,0,0,1,0,0,0,0,3,1,0,0,0,0,0,0,0,0,1,0
UTC Coach,,no,0,160,65535,0,0,0,0,0,0,0,65535,0,0,0,0,0,0,0,0,2,40,46,125,120,0,0,0,0,,UTC Coach,0,50,64,56,40,65,0,0,0,0,0,2,0,0,0,0,35,34,31,1,0,0,511,0,0,0,0,0,0,0,0,0,0,0,0,0,0,1,0,0,0,0,0,2,0,0,0,0,0,0,0,0,0,1
Cin Coach,Cincinnati Bearcats,yes,0,19,65535,0,0,0,0,0,0,0,65535,0,0,0,0,0,0,0,0,2,35,55,128,18,2,0,0,0,,Cin Coach,0,50,64,47,40,45,0,0,0,0,0,2,0,0,0,0,29,35,36,1,0,0,20,-1,0,0,0,0,0,0,0,0,2,0,2,0,0,1,1,0,0,0,3,2,0,0,0,0,0,0,0,0,0,0
Clem Coach,Clemson Tigers,yes,0,20,65535,0,0,0,0,0,0,0,65535,0,0,0,0,0,0,0,0,0,40,74,128,19,4,0,0,0,,Clem Coach,0,50,49,49,50,55,0,0,0,0,0,2,0,0,0,0,33,34,33,1,0,0,21,-1,0,0,0,0,0,0,0,0,4,0,2,0,0,1,0,0,0,0,3,1,0,0,0,0,0,0,0,0,0,0
CU Coach,Colorado Buffs,yes,0,21,65535,0,0,0,0,0,0,0,65535,0,0,0,0,0,0,0,0,2,60,46,128,21,4,0,0,0,,CU Coach,0,50,57,33,45,45,0,0,0,0,0,4,0,0,0,0,28,35,37,1,0,0,22,-1,0,0,0,0,0,0,0,0,4,0,1,0,0,1,1,0,0,0,3,2,0,0,0,0,0,0,0,0,0,0
CSU Coach,Colorado State Rams,yes,0,22,65535,0,0,0,0,0,0,0,65535,0,0,0,0,0,0,0,0,2,60,38,128,20,3,0,0,0,,CSU Coach,0,50,57,35,50,50,0,0,0,0,0,2,0,0,0,0,33,36,31,1,0,0,23,-1,0,0,2,0,0,0,0,0,3,0,4,0,0,1,0,0,0,0,3,2,0,0,0,0,0,0,0,0,0,1
Columb Coach,,no,0,121,65535,0,0,0,0,0,0,0,65535,0,0,0,0,0,0,0,0,2,50,40,125,119,0,0,0,0,,Columb Coach,0,50,46,49,45,40,0,0,0,0,0,0,0,0,0,0,30,34,36,1,0,0,511,0,0,0,0,0,0,0,0,0,0,0,2,0,0,1,1,0,0,0,3,4,0,0,0,0,0,0,0,0,1,0
UConn Coach,Connecticut Huskies,yes,0,99,65535,0,0,0,0,0,0,0,65535,0,0,0,0,0,0,0,0,0,65,46,128,101,2,0,0,0,,UConn Coach,0,50,47,47,45,65,0,0,0,0,0,0,0,0,0,0,31,35,34,1,0,0,100,-1,0,0,0,0,0,0,0,0,2,0,4,0,0,1,0,0,0,0,3,2,0,0,0,0,0,0,0,0,0,0
Corn Coach,,no,0,122,65535,0,0,0,0,0,0,0,65535,0,0,0,0,0,0,0,0,2,60,42,125,124,0,0,0,0,,Corn Coach,0,50,52,53,45,55,0,0,0,0,0,2,0,0,0,0,37,32,31,1,0,0,511,0,0,0,0,0,0,0,0,0,0,0,0,0,0,1,1,0,0,0,3,1,0,0,0,0,0,0,0,0,1,0
Dart Coach,,no,0,123,65535,0,0,0,0,0,0,0,65535,0,0,0,0,0,0,0,0,4,50,54,125,119,0,0,0,0,,Dart Coach,0,50,56,46,50,50,0,0,0,0,0,1,0,0,0,0,36,34,30,1,0,0,511,0,0,0,0,0,0,0,0,0,0,0,5,0,0,1,0,0,1,0,3,2,0,0,0,0,0,0,0,0,1,0
UD Coach,,no,0,144,65535,0,0,0,0,0,0,0,65535,0,0,0,0,0,0,0,0,2,40,46,125,120,0,0,0,0,,UD Coach,0,50,64,46,40,65,0,0,0,0,0,2,0,0,0,0,29,35,36,1,0,0,511,0,0,0,0,0,0,0,0,0,0,0,0,0,0,1,0,0,0,0,3,1,0,0,0,0,0,0,0,0,1,0
DSU Coach,,no,0,124,65535,0,0,0,0,0,0,0,65535,0,0,0,0,0,0,0,0,4,50,77,125,121,0,0,0,0,,DSU Coach,0,50,49,50,50,65,0,0,0,0,0,3,0,0,0,0,33,34,33,1,0,0,511,0,0,0,5,0,0,0,0,0,0,0,0,0,0,1,1,0,0,0,0,2,0,0,0,0,0,0,0,0,1,1
Duke Coach,Duke Blue Devils,yes,0,23,65535,0,0,0,0,0,0,0,65535,0,0,0,0,0,0,0,0,0,40,64,128,22,2,0,0,0,,Duke Coach,0,50,44,44,45,55,0,0,0,0,0,2,0,0,0,0,34,34,32,1,0,0,24,-1,0,0,2,0,0,0,0,0,2,0,2,0,0,1,1,0,0,0,3,2,0,0,0,0,0,0,0,0,1,0
EWU Coach,,no,0,163,65535,0,0,0,0,0,0,0,65535,0,0,0,0,0,0,0,0,0,40,46,125,119,0,0,0,0,,EWU Coach,0,50,64,54,40,65,0,0,0,0,0,2,0,0,0,0,30,37,33,1,0,0,511,0,0,0,0,0,0,0,0,0,0,0,0,0,0,1,0,0,0,0,3,1,0,0,0,0,0,0,0,0,1,0
EIU Coach,,no,0,185,65535,0,0,0,0,0,0,0,65535,0,0,0,0,0,0,0,0,4,50,62,125,124,0,0,0,0,,EIU Coach,0,50,57,52,55,62,0,0,0,0,0,1,0,0,0,0,34,33,33,1,0,0,511,0,0,0,0,0,0,0,0,0,0,0,5,0,0,1,0,0,1,0,3,1,0,0,0,0,0,0,0,0,1,0
EKU Coach,,no,0,187,65535,0,0,0,0,0,0,0,65535,0,0,0,0,0,0,0,0,2,50,62,125,124,0,0,0,0,,EKU Coach,0,50,57,52,55,62,0,0,0,0,0,4,0,0,0,0,30,36,34,1,0,0,511,0,0,0,0,0,0,0,0,0,0,0,2,0,0,1,0,0,0,0,3,1,0,0,0,0,0,0,0,0,1,0
EMU Coach,Eastern Michigan Eagles,yes,0,25,65535,0,0,0,0,0,0,0,65535,0,0,0,0,0,0,0,0,0,50,62,128,24,1,0,0,0,,EMU Coach,0,50,47,48,40,55,0,0,0,0,0,1,0,0,0,0,26,38,36,1,0,0,26,-1,0,0,0,0,0,0,0,0,1,0,0,0,0,1,1,0,1,0,3,1,0,0,0,0,0,0,0,0,0,0
ECU Coach,ECU Pirates,yes,0,24,65535,0,0,0,0,0,0,0,65535,0,0,0,0,0,0,0,0,2,60,55,128,23,2,0,0,0,,ECU Coach,0,50,40,42,55,60,0,0,0,0,0,1,0,0,0,0,37,31,32,1,0,0,25,-1,0,0,0,0,0,0,0,0,2,0,2,0,0,1,0,0,1,0,3,1,0,0,0,0,0,0,0,0,1,0
Elon Coach,,no,0,157,65535,0,0,0,0,0,0,0,65535,0,0,0,0,0,0,0,0,2,40,46,125,119,0,0,0,0,,Elon Coach,0,50,64,45,40,65,0,0,0,0,0,2,0,0,0,0,37,32,31,1,0,0,511,0,0,0,0,0,0,0,0,0,0,0,0,0,0,1,1,0,0,0,3,1,0,0,0,0,0,0,0,0,1,0
FIU Coach,FIU Golden Panthers,yes,0,196,65535,0,0,0,0,0,0,0,65535,0,0,0,0,0,0,0,0,2,50,62,128,26,1,0,0,0,,FIU Coach,0,50,57,52,55,62,0,0,0,0,0,2,0,0,0,0,33,34,33,1,0,0,230,-1,0,0,0,0,0,0,0,0,1,0,5,0,0,1,1,0,0,0,3,2,0,0,0,0,0,0,0,0,1,0
UF Coach,Florida Gators,yes,0,102,65535,0,0,0,0,0,0,0,65535,0,0,0,0,0,0,0,0,0,45,73,128,28,6,0,0,0,,UF Coach,0,50,52,46,60,40,0,0,0,0,0,2,0,0,0,0,33,31,36,1,0,0,27,-1,0,0,2,0,0,0,0,0,6,0,2,0,0,1,0,0,0,0,3,1,0,0,0,0,0,0,0,0,0,0
FAMU Coach,,no,0,125,65535,0,0,0,0,0,0,0,65535,0,0,0,0,0,0,0,0,5,40,57,125,120,0,0,0,0,,FAMU Coach,0,50,47,54,55,45,0,0,0,0,0,1,0,0,0,0,30,35,35,1,0,0,511,0,0,0,5,0,0,0,0,0,0,0,0,0,0,1,0,0,1,0,3,1,0,0,0,0,0,0,0,0,2,0
FAU Coach,Florida Atlantic Owls,yes,0,195,65535,0,0,0,0,0,0,0,65535,0,0,0,0,0,0,0,0,5,50,62,128,25,1,0,0,0,,FAU Coach,0,50,57,52,55,62,0,0,0,0,0,2,0,0,0,0,32,34,34,1,0,0,229,-1,0,0,0,0,0,0,0,0,1,0,5,0,0,1,0,0,0,0,3,2,0,0,0,0,0,0,0,0,1,0
FSU Coach,Florida State Seminoles,yes,0,27,65535,0,0,0,0,0,0,0,65535,0,0,0,0,0,0,0,0,4,50,48,129,27,6,0,0,0,,FSU Coach,0,50,58,43,40,55,0,0,0,0,0,1,0,0,0,0,30,36,34,1,0,0,28,-1,0,0,0,0,0,0,0,0,6,0,5,0,0,1,1,0,1,0,3,2,0,0,0,0,0,0,0,0,2,1
FS Coach,Fresno State Bulldogs,yes,0,28,65535,0,0,0,0,0,0,0,65535,0,0,0,0,0,0,0,0,3,50,40,128,29,3,0,0,0,,FS Coach,0,50,47,49,45,40,0,0,0,0,0,1,0,0,0,0,28,36,36,1,0,0,29,-1,0,0,2,0,0,0,0,0,3,0,4,0,0,1,0,0,1,0,3,2,0,0,0,0,0,0,0,0,1,0
Furman Coach,,no,0,158,65535,0,0,0,0,0,0,0,65535,0,0,0,0,0,0,0,0,2,40,46,125,122,0,0,0,0,,Furman Coach,0,50,64,45,40,65,0,0,0,0,0,1,0,0,0,0,29,37,34,1,0,0,511,0,0,0,0,0,0,0,0,0,0,0,2,0,0,1,0,0,1,0,3,4,0,0,0,0,0,0,0,0,1,0
UGA Coach,Georgia Bulldogs,yes,0,29,65535,0,0,0,0,0,0,0,65535,0,0,0,0,0,0,0,0,0,70,42,128,31,6,0,0,0,,UGA Coach,0,50,57,46,50,45,0,0,0,0,0,2,0,0,0,0,32,38,30,1,0,0,30,-1,0,0,2,0,0,0,0,0,6,0,4,0,0,1,1,0,0,0,3,2,0,0,0,0,0,0,0,0,0,0
GSU Coach,,no,0,159,65535,0,0,0,0,0,0,0,65535,0,0,0,0,0,0,0,0,2,40,46,125,123,0,0,0,0,,GSU Coach,0,50,64,34,40,65,0,0,0,0,0,2,0,0,0,0,31,35,34,1,0,0,511,0,0,0,0,0,0,0,0,0,0,0,5,0,0,1,1,0,2,0,3,1,0,0,0,0,0,0,0,0,2,0
GT Coach,Georgia Tech Yellow Jackets,yes,0,30,65535,0,0,0,0,0,0,0,65535,0,0,0,0,0,0,0,0,4,60,70,128,30,4,0,0,0,,GT Coach,0,50,62,47,45,55,0,0,0,0,0,3,0,0,0,0,31,36,33,1,0,0,31,-1,0,0,0,0,0,0,0,0,4,0,1,0,0,1,0,0,0,0,3,2,0,0,0,0,0,0,0,0,1,0
Gramb Coach,,no,0,126,65535,0,0,0,0,0,0,0,65535,0,0,0,0,0,0,0,0,3,65,50,125,120,0,0,0,0,,Gramb Coach,0,50,56,54,65,45,0,0,0,0,0,0,0,0,0,0,33,34,33,1,0,0,511,0,0,0,5,0,0,0,0,0,0,0,0,0,0,1,1,0,0,0,3,1,0,0,0,0,0,0,0,0,1,1
HU Coach,,no,0,127,65535,0,0,0,0,0,0,0,65535,0,0,0,0,0,0,0,0,5,60,38,125,124,0,0,0,0,,HU Coach,0,50,53,52,55,50,0,0,0,0,0,2,0,0,0,0,33,35,32,1,0,0,511,0,0,0,5,0,0,0,0,0,0,0,0,0,0,1,0,0,0,0,0,2,0,0,0,0,0,0,0,0,1,1
Harv Coach,,no,0,128,65535,0,0,0,0,0,0,0,65535,0,0,0,0,0,0,0,0,2,55,70,125,121,0,0,0,0,,Harv Coach,0,50,43,52,45,55,0,0,0,0,0,3,0,0,0,0,32,37,31,1,0,0,511,0,0,0,0,0,0,0,0,0,0,0,2,0,0,1,1,0,0,0,3,1,0,0,0,0,0,0,0,0,1,0
Hawaii Coach,Hawaii Warriors,yes,0,31,65535,0,0,0,0,0,0,0,65535,0,0,0,0,0,0,0,0,5,70,64,126,32,3,0,0,0,,Hawaii Coach,0,50,40,80,45,55,0,0,0,0,0,1,0,0,0,0,34,34,32,1,0,0,32,-1,0,0,2,0,0,0,0,0,3,0,0,0,0,1,1,0,1,0,3,1,0,0,0,0,0,0,0,0,0,0
Hof Coach,,no,0,145,65535,0,0,0,0,0,0,0,65535,0,0,0,0,0,0,0,0,4,40,46,125,120,0,0,0,0,,Hof Coach,0,50,64,47,40,65,0,0,0,0,0,1,0,0,0,0,35,31,34,1,0,0,511,0,0,0,0,0,0,0,0,0,0,0,5,0,0,1,1,0,1,0,3,1,0,0,0,0,0,0,0,0,2,0
Hou Coach,Houston Cougars,yes,0,32,65535,0,0,0,0,0,0,0,65535,0,0,0,0,0,0,0,0,2,70,42,126,33,2,0,0,0,,Hou Coach,0,50,67,50,50,45,0,0,0,0,0,3,0,0,0,0,27,38,35,1,0,0,33,-1,0,0,0,0,0,0,0,0,2,0,2,0,0,1,1,0,0,0,0,1,0,0,0,0,0,0,0,0,0,0
Howard Coach,,no,0,129,65535,0,0,0,0,0,0,0,65535,0,0,0,0,0,0,0,0,3,50,46,125,121,0,0,0,0,,Howard Coach,0,50,51,46,40,45,0,0,0,0,0,0,0,0,0,0,37,32,31,1,0,0,511,0,0,0,5,0,0,0,0,0,0,0,0,0,0,1,1,0,0,0,3,2,0,0,0,0,0,0,0,0,1,1
Idaho Coach,Idaho Vandals,yes,0,33,65535,0,0,0,0,0,0,0,65535,0,0,0,0,0,0,0,0,0,70,43,128,34,1,0,0,0,,Idaho Coach,0,50,57,50,50,50,0,0,0,0,0,2,0,0,0,0,34,34,32,1,0,0,34,-1,0,0,2,0,0,0,0,0,1,0,2,0,0,1,1,0,0,0,3,1,0,0,0,0,0,0,0,0,0,0
Id St Coach,,no,0,164,65535,0,0,0,0,0,0,0,65535,0,0,0,0,0,0,0,0,2,40,46,125,119,0,0,0,0,,Id St Coach,0,50,64,46,40,65,0,0,0,0,0,2,0,0,0,0,29,35,36,1,0,0,511,0,0,0,0,0,0,0,0,0,0,0,1,0,0,1,0,0,0,0,3,1,0,0,0,0,0,0,0,0,1,0
Illini Coach,Illinois Fighting Illini,yes,0,26,65535,0,0,0,0,0,0,0,65535,0,0,0,0,0,0,0,0,0,60,55,128,35,3,0,0,0,,Illini Coach,0,50,56,50,50,40,0,0,0,0,0,2,0,0,0,0,32,38,30,1,0,0,35,-1,0,0,2,0,0,0,0,0,3,0,5,0,0,1,0,0,0,0,3,1,0,0,0,0,0,0,0,0,0,0
Ill St Coach,,no,0,172,65535,0,0,0,0,0,0,0,65535,0,0,0,0,0,0,0,0,3,40,46,125,119,0,0,0,0,,Ill St Coach,0,50,64,54,40,65,0,0,0,0,0,1,0,0,0,0,34,34,32,1,0,0,511,0,0,0,0,0,0,0,0,0,0,0,2,0,0,1,0,0,1,0,3,2,0,0,0,0,0,0,0,0,1,1
IU Coach,Indiana Hoosiers,yes,0,49,65535,0,0,0,0,0,0,0,65535,0,0,0,0,0,0,0,0,4,40,57,128,36,2,0,0,0,,IU Coach,0,50,40,50,55,45,0,0,0,0,0,1,0,0,0,0,31,32,37,1,0,0,36,-1,0,0,0,0,0,0,0,0,2,0,5,0,0,1,1,0,1,0,3,1,0,0,0,0,0,0,0,0,0,0
Ind St Coach,,no,0,173,65535,0,0,0,0,0,0,0,65535,0,0,0,0,0,0,0,0,2,40,46,125,121,0,0,0,0,,Ind St Coach,0,50,64,55,40,65,0,0,0,0,0,3,0,0,0,0,32,35,33,1,0,0,511,0,0,0,0,0,0,0,0,0,0,0,1,0,0,1,0,0,0,0,2,1,0,0,0,0,0,0,0,0,1,1
Iowa Coach,Iowa Hawkeyes,yes,0,36,65535,0,0,0,0,0,0,0,65535,0,0,0,0,0,0,0,0,0,35,55,128,38,5,0,0,0,,Iowa Coach,0,50,67,55,55,45,0,0,0,0,0,0,0,0,0,0,32,30,38,1,0,0,37,-1,0,0,2,0,0,0,0,0,5,0,2,0,0,1,0,0,0,0,3,2,0,0,0,0,0,0,0,0,0,0
ISU Coach,Iowa State Cyclones,yes,0,37,65535,0,0,0,0,0,0,0,65535,0,0,0,0,0,0,0,0,2,40,57,128,37,3,0,0,0,,ISU Coach,0,50,47,45,40,55,0,0,0,0,0,2,0,0,0,0,35,33,32,1,0,0,38,-1,0,0,0,0,0,0,0,0,3,0,2,0,0,1,1,0,0,0,3,1,0,0,0,0,0,0,0,0,1,0
JSU Coach,,no,0,130,65535,0,0,0,0,0,0,0,65535,0,0,0,0,0,0,0,0,3,60,38,125,124,0,0,0,0,,JSU Coach,0,50,57,52,55,50,0,0,0,0,0,2,0,0,0,0,29,36,35,1,0,0,511,0,0,0,5,0,0,0,0,0,0,0,0,0,0,1,0,0,0,0,3,1,0,0,0,0,0,0,0,0,1,0
Jack St Coach,,no,0,189,65535,0,0,0,0,0,0,0,65535,0,0,0,0,0,0,0,0,4,50,62,125,122,0,0,0,0,,Jack St Coach,0,50,57,52,55,62,0,0,0,0,0,1,0,0,0,0,34,33,33,1,0,0,511,0,0,0,0,0,0,0,0,0,0,0,1,0,0,1,0,0,1,0,0,1,0,0,0,0,0,0,0,0,1,0
JMU Coach,,no,0,146,65535,0,0,0,0,0,0,0,65535,0,0,0,0,0,0,0,0,2,40,46,125,121,0,0,0,0,,JMU Coach,0,50,64,45,40,65,0,0,0,0,0,4,0,0,0,0,34,32,34,1,0,0,511,0,0,0,0,0,0,0,0,0,0,0,2,0,0,1,0,0,0,0,2,2,0,0,0,0,0,0,0,0,1,0
KU Coach,Kansas Jayhawks,yes,0,38,65535,0,0,0,0,0,0,0,65535,0,0,0,0,0,0,0,0,3,65,50,128,40,2,0,0,0,,KU Coach,0,50,40,48,60,45,0,0,0,0,0,3,0,0,0,0,34,35,31,1,0,0,39,-1,0,0,0,0,0,0,0,0,2,0,4,0,0,1,0,0,0,0,3,1,0,0,0,0,0,0,0,0,2,0
KSU Coach,Kansas State Wildcats,yes,0,39,65535,0,0,0,0,0,0,0,65535,0,0,0,0,0,0,0,0,4,75,55,128,39,4,0,0,0,,KSU Coach,0,50,58,44,55,45,0,0,0,0,0,3,0,0,0,0,33,33,34,1,0,0,40,-1,0,0,0,0,0,0,0,0,4,0,5,0,0,1,1,0,0,0,3,4,0,0,0,0,0,0,0,0,0,1
Kent Coach,Kent State Golden Flashes,yes,0,40,65535,0,0,0,0,0,0,0,65535,0,0,0,0,0,0,0,0,2,40,74,126,41,1,0,0,0,,Kent Coach,0,50,61,40,40,55,0,0,0,0,0,3,0,0,0,0,30,34,36,1,0,0,41,-1,0,0,0,0,0,0,0,0,1,0,2,0,0,1,0,0,0,0,0,1,0,0,0,0,0,0,0,0,0,0
UK Coach,Kentucky Wildcats,yes,0,41,65535,0,0,0,0,0,0,0,65535,0,0,0,0,0,0,0,0,4,65,50,126,42,2,0,0,0,,UK Coach,0,50,40,45,45,45,0,0,0,0,0,2,0,0,0,0,30,35,35,1,0,0,42,-1,0,0,0,0,0,0,0,0,2,0,2,0,0,1,0,0,0,0,0,2,0,0,0,0,0,0,0,0,0,0
La Tech Coach,Louisiana Tech Bulldogs,yes,0,42,65535,0,0,0,0,0,0,0,65535,0,0,0,0,0,0,0,0,0,60,55,126,44,2,0,0,0,,La Tech Coach,0,50,48,63,55,45,0,0,0,0,0,1,0,0,0,0,34,36,30,1,0,0,43,-1,0,0,0,0,0,0,0,0,2,0,0,0,0,1,0,0,1,0,0,1,0,0,0,0,0,0,0,0,0,0
Louis Coach,Louisville Cardinals,yes,0,43,65535,0,0,0,0,0,0,0,65535,0,0,0,0,0,0,0,0,2,70,76,128,46,4,0,0,0,,Louis Coach,0,50,54,49,50,45,0,0,0,0,0,1,0,0,0,0,32,38,30,1,0,0,44,-1,0,0,0,0,0,0,0,0,4,0,2,0,0,1,1,0,1,0,3,2,0,0,0,0,0,0,0,0,0,0
LSU Coach,LSU Tigers,yes,0,71,65535,0,0,0,0,0,0,0,65535,0,0,0,0,0,0,0,0,2,40,50,128,43,6,0,0,0,,LSU Coach,0,50,41,50,55,55,0,0,0,0,0,1,0,0,0,0,30,35,35,1,0,0,45,-1,0,0,0,0,0,0,0,0,6,0,2,0,0,1,1,0,1,0,3,2,0,0,0,0,0,0,0,0,1,0
Maine Coach,,no,0,147,65535,0,0,0,0,0,0,0,65535,0,0,0,0,0,0,0,0,2,40,46,125,122,0,0,0,0,,Maine Coach,0,50,64,54,40,65,0,0,0,0,0,4,0,0,0,0,36,31,33,1,0,0,511,0,0,0,0,0,0,0,0,0,0,0,0,0,0,1,1,0,0,0,2,2,0,0,0,0,0,0,0,0,1,0
Marsh Coach,Marshall Thundering Herd,yes,0,45,65535,0,0,0,0,0,0,0,65535,0,0,0,0,0,0,0,0,4,40,57,128,47,3,0,0,0,,Marsh Coach,0,50,70,58,40,45,0,0,0,0,0,2,0,0,0,0,32,34,34,1,0,0,46,-1,0,0,0,0,0,0,0,0,3,0,4,0,0,1,1,0,0,0,3,2,0,0,0,0,0,0,0,0,2,0
Terps Coach,Maryland Terrapins,yes,0,46,65535,0,0,0,0,0,0,0,65535,0,0,0,0,0,0,0,0,4,50,54,126,48,4,0,0,0,,Terps Coach,0,50,52,36,45,50,0,0,0,0,0,1,0,0,0,0,31,35,34,1,0,0,47,-1,0,0,0,0,0,0,0,0,4,0,5,0,0,1,0,0,1,0,0,2,0,0,0,0,0,0,0,0,2,0
McNeese Coach,,no,0,179,65535,0,0,0,0,0,0,0,65535,0,0,0,0,0,0,0,0,4,50,62,125,122,0,0,0,0,,McNeese Coach,0,50,57,52,55,62,0,0,0,0,0,1,0,0,0,0,32,33,35,1,0,0,511,0,0,0,0,0,0,0,0,0,0,0,2,0,0,1,0,0,1,0,2,2,0,0,0,0,0,0,0,0,1,0
Mem Coach,Memphis Tigers,yes,0,47,65535,0,0,0,0,0,0,0,65535,0,0,0,0,0,0,0,0,0,90,38,125,49,3,0,0,0,,Mem Coach,0,50,48,54,50,60,0,0,0,0,0,1,0,0,0,0,36,33,31,1,0,0,48,-1,0,0,2,0,0,0,0,0,3,0,0,0,0,1,1,0,1,0,1,1,0,0,0,0,0,0,0,0,0,0
Miami Coach,Miami Hurricanes,yes,0,48,65535,0,0,0,0,0,0,0,65535,0,0,0,0,0,0,0,0,4,50,40,128,51,6,0,0,0,,Miami Coach,0,50,44,48,50,40,0,0,0,0,0,1,0,0,0,0,29,38,33,1,0,0,49,-1,0,0,0,0,0,0,0,0,6,0,5,0,0,1,0,0,1,0,3,2,0,0,0,0,0,0,0,0,0,0
Miami U Coach,Miami University RedHawks,yes,0,35,65535,0,0,0,0,0,0,0,65535,0,0,0,0,0,0,0,0,2,60,70,128,50,2,0,0,0,,Miami U Coach,0,50,48,51,45,55,0,0,0,0,0,0,0,0,0,0,34,32,34,1,0,0,50,-1,0,0,0,0,0,0,0,0,2,0,2,0,0,1,1,0,0,0,3,1,0,0,0,0,0,0,0,0,1,0
Mich Coach,Michigan Wolverines,yes,0,50,65535,0,0,0,0,0,0,0,65535,0,0,0,0,0,0,0,0,2,65,50,128,53,6,0,0,0,,Mich Coach,0,50,56,48,40,45,0,0,0,0,0,1,0,0,0,0,32,35,33,1,0,0,51,-1,0,0,0,0,0,0,0,0,6,0,2,0,0,1,0,0,1,0,0,2,0,0,0,0,0,0,0,0,0,0
MSU Coach,Michigan State Spartans,yes,0,51,65535,0,0,0,0,0,0,0,65535,0,0,0,0,0,0,0,0,4,50,38,128,52,4,0,0,0,,MSU Coach,0,50,46,47,45,60,0,0,0,0,0,1,0,0,0,0,28,36,36,1,0,0,52,-1,0,0,2,0,0,0,0,0,4,0,5,0,0,1,1,0,1,0,3,1,0,0,0,0,0,0,0,0,0,0
MTSU Coach,Mid Tenn State Blue Raiders,yes,0,52,65535,0,0,0,0,0,0,0,65535,0,0,0,0,0,0,0,0,0,50,42,128,54,1,0,0,0,,MTSU Coach,0,50,48,45,65,55,0,0,0,0,0,2,0,0,0,0,37,34,29,1,0,0,53,-1,0,0,0,0,0,0,0,0,1,0,1,0,0,1,0,0,0,0,3,2,0,0,0,0,0,0,0,0,1,0
Minn Coach,Minnesota Golden Gophers,yes,0,53,65535,0,0,0,0,0,0,0,65535,0,0,0,0,0,0,0,0,2,40,57,128,55,4,0,0,0,,Minn Coach,0,50,55,36,50,55,0,0,0,0,0,2,0,0,0,0,31,36,33,1,0,0,54,-1,0,0,2,0,0,0,0,0,4,0,4,0,0,1,1,0,0,0,3,2,0,0,0,0,0,0,0,0,1,0
MVSU Coach,,no,0,131,65535,0,0,0,0,0,0,0,65535,0,0,0,0,0,0,0,0,3,40,57,125,122,0,0,0,0,,MVSU Coach,0,50,64,38,40,45,0,0,0,0,0,0,0,0,0,0,28,36,36,1,0,0,511,0,0,0,5,0,0,0,0,0,0,0,0,0,0,1,0,0,0,0,3,2,0,0,0,0,0,0,0,0,1,0
Miss St Coach,Mississippi State Bulldogs,yes,0,54,65535,0,0,0,0,0,0,0,65535,0,0,0,0,0,0,0,0,5,50,64,128,56,3,0,0,0,,Miss St Coach,0,50,59,39,50,55,0,0,0,0,0,1,0,0,0,0,37,32,31,1,0,0,55,-1,0,0,5,0,0,0,0,0,3,0,5,0,0,1,0,0,1,0,3,4,0,0,0,0,0,0,0,0,1,1
Mizzou Coach,Missouri Tigers,yes,0,55,65535,0,0,0,0,0,0,0,65535,0,0,0,0,0,0,0,0,2,40,57,127,58,3,0,0,0,,Mizzou Coach,0,50,44,44,60,45,0,0,0,0,0,1,0,0,0,0,32,34,34,1,0,0,56,-1,0,0,0,0,0,0,0,0,3,0,5,0,0,1,1,0,1,0,3,1,0,0,0,0,0,0,0,0,1,0
MZ ST Coach,,no,0,167,65535,0,0,0,0,0,0,0,65535,0,0,0,0,0,0,0,0,4,40,46,125,122,0,0,0,0,,MZ ST Coach,0,50,64,53,40,65,0,0,0,0,0,2,0,0,0,0,29,34,37,1,0,0,511,0,0,0,0,0,0,0,0,0,0,0,5,0,0,1,0,0,0,0,3,2,0,0,0,0,0,0,0,0,1,0
Mont Coach,,no,0,165,65535,0,0,0,0,0,0,0,65535,0,0,0,0,0,0,0,0,0,40,46,125,120,0,0,0,0,,Mont Coach,0,50,64,57,40,65,0,0,0,0,0,0,0,0,0,0,31,35,34,1,0,0,511,0,0,0,0,0,0,0,0,0,0,0,1,0,0,1,1,0,2,0,3,1,0,0,0,0,0,0,0,0,1,0
Mont St Coach,,no,0,166,65535,0,0,0,0,0,0,0,65535,0,0,0,0,0,0,0,0,2,40,46,125,119,0,0,0,0,,Mont St Coach,0,50,64,53,40,65,0,0,0,0,0,3,0,0,0,0,33,34,33,1,0,0,511,0,0,0,0,0,0,0,0,0,0,0,4,0,0,1,1,0,0,0,3,1,0,0,0,0,0,0,0,0,2,0
Morgan Coach,,no,0,132,65535,0,0,0,0,0,0,0,65535,0,0,0,0,0,0,0,0,1,70,64,125,121,0,0,0,0,,Morgan Coach,0,50,47,46,45,55,0,0,0,0,0,0,0,0,0,0,35,36,29,1,0,0,511,0,0,0,5,0,0,0,0,0,0,0,0,0,0,1,0,0,0,0,3,1,0,0,0,0,0,0,0,0,1,0
Murray Coach,,no,0,186,65535,0,0,0,0,0,0,0,65535,0,0,0,0,0,0,0,0,2,50,62,125,124,0,0,0,0,,Murray Coach,0,50,57,52,55,62,0,0,0,0,0,4,0,0,0,0,32,33,35,1,0,0,511,0,0,0,0,0,0,0,0,0,0,0,0,0,0,1,1,0,0,0,3,2,0,0,0,0,0,0,0,0,1,0
Navy Coach,Navy Midshipmen,yes,0,56,65535,0,0,0,0,0,0,0,65535,0,0,0,0,0,0,0,0,0,50,64,126,59,1,0,0,0,,Navy Coach,0,50,48,20,60,55,0,0,0,0,0,2,0,0,0,0,29,33,38,1,0,0,57,-1,0,0,0,0,0,0,0,0,1,0,2,0,0,1,0,0,0,0,0,3,0,0,0,0,0,0,0,0,0,0
NC A&T Coach,,no,0,134,65535,0,0,0,0,0,0,0,65535,0,0,0,0,0,0,0,0,5,65,38,125,124,0,0,0,0,,NC A&T Coach,0,50,49,33,60,50,0,0,0,0,0,3,0,0,0,0,29,36,35,1,0,0,511,0,0,0,5,0,0,0,0,0,0,0,0,0,0,1,1,0,0,0,3,2,0,0,0,0,0,0,0,0,2,0
NCSU Coach,NC State Wolfpack,yes,0,62,65535,0,0,0,0,0,0,0,65535,0,0,0,0,0,0,0,0,4,50,43,128,64,4,0,0,0,,NCSU Coach,0,50,55,45,40,50,0,0,0,0,0,4,0,0,0,0,37,34,29,1,0,0,63,-1,0,0,2,0,0,0,0,0,4,0,0,0,0,1,0,0,0,0,3,4,0,0,0,0,0,0,0,0,1,0
Neb Coach,Nebraska Cornhuskers,yes,0,57,65535,0,0,0,0,0,0,0,65535,0,0,0,0,0,0,0,0,2,40,57,128,60,5,0,0,0,,Neb Coach,0,50,46,50,55,45,0,0,0,0,0,2,0,0,0,0,28,38,34,1,0,0,58,-1,0,0,0,0,0,0,0,0,5,0,2,0,0,1,1,0,0,0,3,4,0,0,0,0,0,0,0,0,0,0
Nevada Coach,Nevada Wolf Pack,yes,0,58,65535,0,0,0,0,0,0,0,65535,0,0,0,0,0,0,0,0,4,35,55,128,61,2,0,0,0,,Nevada Coach,0,50,45,53,50,45,0,0,0,0,0,3,0,0,0,0,34,32,34,1,0,0,59,-1,0,0,0,0,0,0,0,0,2,0,4,0,0,1,0,0,0,0,3,1,0,0,0,0,0,0,0,0,0,0
UNH Coach,,no,0,149,65535,0,0,0,0,0,0,0,65535,0,0,0,0,0,0,0,0,2,40,46,125,120,0,0,0,0,,UNH Coach,0,50,64,48,40,65,0,0,0,0,0,2,0,0,0,0,30,37,33,1,0,0,511,0,0,0,0,0,0,0,0,0,0,0,4,0,0,1,0,0,0,0,3,1,0,0,0,0,0,0,0,0,1,0
UNM Coach,New Mexico Lobos,yes,0,59,65535,0,0,0,0,0,0,0,65535,0,0,0,0,0,0,0,0,2,90,42,126,62,2,0,0,0,,UNM Coach,0,50,46,40,45,45,0,0,0,0,0,1,0,0,0,0,35,33,32,1,0,0,60,-1,0,0,2,0,0,0,0,0,2,0,2,0,0,1,1,0,1,0,0,4,0,0,0,0,0,0,0,0,0,0
NMSU Coach,New Mexico State Aggies,yes,0,60,65535,0,0,0,0,0,0,0,65535,0,0,0,0,0,0,0,0,2,60,55,126,63,1,0,0,0,,NMSU Coach,0,50,47,80,45,40,0,0,0,0,0,2,0,0,0,0,39,30,31,1,0,0,61,-1,0,0,0,0,0,0,0,0,1,0,2,0,0,1,0,0,0,0,0,1,0,0,0,0,0,0,0,0,1,0
Nich St Coach,,no,0,181,65535,0,0,0,0,0,0,0,65535,0,0,0,0,0,0,0,0,0,50,62,125,123,0,0,0,0,,Nich St Coach,0,50,57,52,55,62,0,0,0,0,0,4,0,0,0,0,32,33,35,1,0,0,511,0,0,0,0,0,0,0,0,0,0,0,2,0,0,1,0,0,0,0,3,3,0,0,0,0,0,0,0,0,1,0
NSU Coach,,no,0,133,65535,0,0,0,0,0,0,0,65535,0,0,0,0,0,0,0,0,1,60,70,125,122,0,0,0,0,,NSU Coach,0,50,55,42,40,55,0,0,0,0,0,2,0,0,0,0,39,32,29,1,0,0,511,0,0,0,5,0,0,0,0,0,0,0,0,0,0,1,1,0,0,0,3,2,0,0,0,0,0,0,0,0,2,0
UNC Coach,North Carolina Tar Heels,yes,0,61,65535,0,0,0,0,0,0,0,65535,0,0,0,0,0,0,0,0,3,40,57,126,65,3,0,0,0,,UNC Coach,0,50,57,51,40,55,0,0,0,0,0,1,0,0,0,0,34,34,32,1,0,0,62,-1,0,0,0,0,0,0,0,0,3,0,5,0,0,1,1,0,1,0,3,2,0,0,0,0,0,0,0,0,1,0
UNT Coach,North Texas Mean Green,yes,0,63,65535,0,0,0,0,0,0,0,65535,0,0,0,0,0,0,0,0,0,50,64,128,66,2,0,0,0,,UNT Coach,0,50,59,36,55,55,0,0,0,0,0,3,0,0,0,0,36,31,33,1,0,0,64,-1,0,0,0,0,0,0,0,0,2,0,4,0,0,1,1,0,0,0,3,2,0,0,0,0,0,0,0,0,1,0
N'East Coach,,no,0,150,65535,0,0,0,0,0,0,0,65535,0,0,0,0,0,0,0,0,2,40,46,125,124,0,0,0,0,,N'East Coach,0,50,64,53,40,65,0,0,0,0,0,2,0,0,0,0,34,33,33,1,0,0,511,0,0,0,0,0,0,0,0,0,0,0,2,0,0,1,1,0,0,0,3,2,0,0,0,0,0,0,0,0,1,0
NAU Coach,,no,0,168,65535,0,0,0,0,0,0,0,65535,0,0,0,0,0,0,0,0,2,40,46,125,119,0,0,0,0,,NAU Coach,0,50,64,53,40,65,0,0,0,0,0,4,0,0,0,0,26,37,37,1,0,0,511,0,0,0,0,0,0,0,0,0,0,0,2,0,0,1,0,0,0,0,1,1,0,0,0,0,0,0,0,0,1,0
NIU Coach,Northern Illinois Huskies,yes,0,65,65535,0,0,0,0,0,0,0,65535,0,0,0,0,0,0,0,0,2,60,46,128,67,3,0,0,0,,NIU Coach,0,50,45,38,45,60,0,0,0,0,0,3,0,0,0,0,36,34,30,1,0,0,66,-1,0,0,0,0,0,0,0,0,3,0,5,0,0,1,1,0,0,0,3,2,0,0,0,0,0,0,0,0,1,0
NU Coach,Northwestern Wildcats,yes,0,66,65535,0,0,0,0,0,0,0,65535,0,0,0,0,0,0,0,0,2,50,62,128,68,3,0,0,0,,NU Coach,0,50,44,51,45,55,0,0,0,0,0,4,0,0,0,0,31,35,34,1,0,0,67,-1,0,0,0,0,0,0,0,0,3,0,2,0,0,1,0,0,0,0,3,1,0,0,0,0,0,0,0,0,1,1
NSULA Coach,,no,0,180,65535,0,0,0,0,0,0,0,65535,0,0,0,0,0,0,0,0,0,50,62,125,122,0,0,0,0,,NSULA Coach,0,50,57,52,55,62,0,0,0,0,0,3,0,0,0,0,36,31,33,1,0,0,511,0,0,0,0,0,0,0,0,0,0,0,2,0,0,1,1,0,0,0,0,2,0,0,0,0,0,0,0,0,0,0
ND Coach,Notre Dame Fighting Irish,yes,0,109,65535,0,0,0,0,0,0,0,65535,0,0,0,0,0,0,0,0,2,70,42,128,69,6,0,0,0,,ND Coach,0,50,62,52,45,45,0,0,0,0,0,1,0,0,0,0,29,36,35,1,0,0,68,-1,0,0,0,0,0,0,0,0,6,0,4,0,0,1,0,0,1,0,3,2,0,0,0,0,0,0,0,0,2,0
Ohio Coach,Ohio Bobcats,yes,0,68,65535,0,0,0,0,0,0,0,65535,0,0,0,0,0,0,0,0,2,50,38,128,71,1,0,0,0,,Ohio Coach,0,50,48,40,40,60,0,0,0,0,0,1,0,0,0,0,36,31,33,1,0,0,69,-1,0,0,0,0,0,0,0,0,1,0,2,0,0,1,0,0,1,0,3,2,0,0,0,0,0,0,0,0,0,0
Bucks Coach,Ohio State Buckeyes,yes,0,69,65535,0,0,0,0,0,0,0,65535,0,0,0,0,0,0,0,0,2,60,38,128,70,6,0,0,0,,Bucks Coach,0,50,42,31,45,50,0,0,0,0,0,2,0,0,0,0,30,36,34,1,0,0,70,-1,0,0,2,0,0,0,0,0,6,0,5,0,0,1,1,0,0,0,3,2,0,0,0,0,0,0,0,0,0,0
OU Coach,Oklahoma Sooners,yes,0,70,65535,0,0,0,0,0,0,0,65535,0,0,0,0,0,0,0,0,0,65,50,128,73,6,0,0,0,,OU Coach,0,50,59,42,50,50,0,0,0,0,0,2,0,0,0,0,36,31,33,1,0,0,71,-1,0,0,0,0,0,0,0,0,6,0,2,0,0,1,0,0,2,0,3,2,0,0,0,0,0,0,0,0,0,0
Ok St Coach,Oklahoma State Cowboys,yes,0,44,65535,0,0,0,0,0,0,0,65535,0,0,0,0,0,0,0,0,0,50,46,128,72,3,0,0,0,,Ok St Coach,0,50,67,40,45,45,0,0,0,0,0,2,0,0,0,0,30,38,32,1,0,0,72,-1,0,0,0,0,0,0,0,0,3,0,0,0,0,1,0,0,0,0,3,1,0,0,0,0,0,0,0,0,0,0
Miss Coach,Ole Miss Rebels,yes,0,72,65535,0,0,0,0,0,0,0,65535,0,0,0,0,0,0,0,0,2,40,57,128,57,3,0,0,0,,Miss Coach,0,50,40,50,50,55,0,0,0,0,0,2,0,0,0,0,33,34,33,1,0,0,73,-1,0,0,2,0,0,0,0,0,3,0,0,0,0,1,0,0,0,0,3,2,0,0,0,0,0,0,0,0,1,0
Oregon Coach,Oregon Ducks,yes,0,73,65535,0,0,0,0,0,0,0,65535,0,0,0,0,0,0,0,0,3,65,50,128,75,4,0,0,0,,Oregon Coach,0,50,58,45,45,45,0,0,0,0,0,1,0,0,0,0,33,34,33,1,0,0,74,-1,0,0,0,0,0,0,0,0,4,0,2,0,0,1,1,0,1,0,3,1,0,0,0,0,0,0,0,0,0,0
Or St Coach,Oregon State Beavers,yes,0,74,65535,0,0,0,0,0,0,0,65535,0,0,0,0,0,0,0,0,2,40,57,128,74,4,0,0,0,,Or St Coach,0,50,46,47,55,55,0,0,0,0,0,1,0,0,0,0,34,33,33,1,0,0,75,-1,0,0,0,0,0,0,0,0,4,0,2,0,0,1,0,0,1,0,3,2,0,0,0,0,0,0,0,0,0,0
Penn Coach,,no,0,135,65535,0,0,0,0,0,0,0,65535,0,0,0,0,0,0,0,0,4,50,40,125,121,0,0,0,0,,Penn Coach,0,50,48,48,50,40,0,0,0,0,0,2,0,0,0,0,32,36,32,1,0,0,511,0,0,0,0,0,0,0,0,0,0,0,0,0,0,1,1,0,0,0,0,1,0,0,0,0,0,0,0,0,0,0
PSU Coach,Penn State Nittany Lions,yes,0,75,65535,0,0,0,0,0,0,0,65535,0,0,0,0,0,0,0,0,4,50,77,128,76,5,0,0,0,,PSU Coach,0,50,41,40,45,65,0,0,0,0,0,4,0,0,0,0,35,30,35,1,0,0,76,-1,0,0,2,0,0,0,0,0,5,0,0,0,0,1,0,0,0,0,3,2,0,0,0,0,0,0,0,0,0,1
Pitt Coach,Pittsburgh Panthers,yes,0,86,65535,0,0,0,0,0,0,0,65535,0,0,0,0,0,0,0,0,3,50,43,128,77,4,0,0,0,,Pitt Coach,0,50,59,46,40,50,0,0,0,0,0,2,0,0,0,0,36,35,29,1,0,0,77,-1,0,0,0,0,0,0,0,0,4,0,0,0,0,1,0,0,0,0,3,2,0,0,0,0,0,0,0,0,1,0
Port St Coach,,no,0,169,65535,0,0,0,0,0,0,0,65535,0,0,0,0,0,0,0,0,2,40,46,125,124,0,0,0,0,,Port St Coach,0,50,64,44,40,65,0,0,0,0,0,1,0,0,0,0,30,33,37,1,0,0,511,0,0,0,0,0,0,0,0,0,0,0,4,0,0,1,0,0,1,0,3,2,0,0,0,0,0,0,0,0,1,0
PVAMU Coach,,no,0,136,65535,0,0,0,0,0,0,0,65535,0,0,0,0,0,0,0,0,1,45,47,125,121,0,0,0,0,,PVAMU Coach,0,50,59,50,50,50,0,0,0,0,0,3,0,0,0,0,36,34,30,1,0,0,511,0,0,0,5,0,0,0,0,0,0,0,0,0,0,1,0,0,0,0,3,2,0,0,0,0,0,0,0,0,1,0
Prince Coach,,no,0,137,65535,0,0,0,0,0,0,0,65535,0,0,0,0,0,0,0,0,2,50,46,125,121,0,0,0,0,,Prince Coach,0,50,67,42,40,65,0,0,0,0,0,2,0,0,0,0,32,36,32,1,0,0,511,0,0,0,0,0,0,0,0,0,0,0,1,0,0,1,1,0,0,0,0,2,0,0,0,0,0,0,0,0,1,0
Purdue Coach,Purdue Boilermakers,yes,0,77,65535,0,0,0,0,0,0,0,65535,0,0,0,0,0,0,0,0,3,70,42,128,78,4,0,0,0,,Purdue Coach,0,50,44,51,50,45,0,0,0,0,0,1,0,0,0,0,34,35,31,1,0,0,78,-1,0,0,0,0,0,0,0,0,4,0,5,0,0,1,1,0,1,0,3,1,0,0,0,0,0,0,0,0,1,1
URI Coach,,no,0,151,65535,0,0,0,0,0,0,0,65535,0,0,0,0,0,0,0,0,2,40,46,125,123,0,0,0,0,,URI Coach,0,50,64,58,40,65,0,0,0,0,0,4,0,0,0,0,32,34,34,1,0,0,511,0,0,0,0,0,0,0,0,0,0,0,5,0,0,1,1,0,0,0,3,3,0,0,0,0,0,0,0,0,2,0
Rice Coach,Rice Owls,yes,0,78,65535,0,0,0,0,0,0,0,65535,0,0,0,0,0,0,0,0,2,40,57,125,79,1,0,0,0,,Rice Coach,0,50,48,20,45,55,0,0,0,0,0,2,0,0,0,0,31,34,35,1,0,0,79,-1,0,0,2,0,0,0,0,0,1,0,5,0,0,1,0,0,0,0,2,1,0,0,0,0,0,0,0,0,1,0
Rich Coach,,no,0,152,65535,0,0,0,0,0,0,0,65535,0,0,0,0,0,0,0,0,0,40,46,125,121,0,0,0,0,,Rich Coach,0,50,64,31,40,65,0,0,0,0,0,2,0,0,0,0,29,35,36,1,0,0,511,0,0,0,0,0,0,0,0,0,0,0,0,0,0,1,0,0,2,0,3,2,0,0,0,0,0,0,0,0,0,0
RU Coach,Rutgers Scarlet Knights,yes,0,79,65535,0,0,0,0,0,0,0,65535,0,0,0,0,0,0,0,0,0,35,62,128,80,2,0,0,0,,RU Coach,0,50,41,50,40,60,0,0,0,0,0,2,0,0,0,0,30,34,36,1,0,0,80,-1,0,0,2,0,0,0,0,0,2,0,0,0,0,1,1,0,0,0,3,2,0,0,0,0,0,0,0,0,0,0
SCSU Coach,,no,0,138,65535,0,0,0,0,0,0,0,65535,0,0,0,0,0,0,0,0,5,60,70,125,120,0,0,0,0,,SCSU Coach,0,50,44,32,55,55,0,0,0,0,0,3,0,0,0,0,39,31,30,1,0,0,511,0,0,0,5,0,0,0,0,0,0,0,0,0,0,1,1,0,0,0,3,2,0,0,0,0,0,0,0,0,2,0
CSUS Coach,,no,0,170,65535,0,0,0,0,0,0,0,65535,0,0,0,0,0,0,0,0,2,40,46,125,124,0,0,0,0,,CSUS Coach,0,50,64,53,40,65,0,0,0,0,0,2,0,0,0,0,31,36,33,1,0,0,511,0,0,0,0,0,0,0,0,0,0,0,0,0,0,1,1,0,0,0,3,2,0,0,0,0,0,0,0,0,0,0
SHSU Coach,,no,0,183,65535,0,0,0,0,0,0,0,65535,0,0,0,0,0,0,0,0,4,50,62,125,120,0,0,0,0,,SHSU Coach,0,50,57,52,55,62,0,0,0,0,0,1,0,0,0,0,29,35,36,1,0,0,511,0,0,0,0,0,0,0,0,0,0,0,5,0,0,1,0,0,1,0,2,1,0,0,0,0,0,0,0,0,1,1
Samford Coach,,no,0,192,65535,0,0,0,0,0,0,0,65535,0,0,0,0,0,0,0,0,2,50,62,125,120,0,0,0,0,,Samford Coach,0,50,57,52,55,62,0,0,0,0,0,2,0,0,0,0,34,36,30,1,0,0,511,0,0,0,0,0,0,0,0,0,0,0,5,0,0,1,1,0,0,0,3,1,0,0,0,0,0,0,0,0,1,0
SDSU Coach,San Diego State Aztecs,yes,0,80,65535,0,0,0,0,0,0,0,65535,0,0,0,0,0,0,0,0,3,65,50,128,81,2,0,0,0,,SDSU Coach,0,50,47,61,55,45,0,0,0,0,0,4,0,0,0,0,30,34,36,1,0,0,81,-1,0,0,0,0,0,0,0,0,2,0,4,0,0,1,0,0,0,0,3,2,0,0,0,0,0,0,0,0,0,0
SJSU Coach,San Jose State Spartans,yes,0,81,65535,0,0,0,0,0,0,0,65535,0,0,0,0,0,0,0,0,4,60,55,128,82,1,0,0,0,,SJSU Coach,0,50,57,54,55,40,0,0,0,0,0,1,0,0,0,0,33,35,32,1,0,0,82,-1,0,0,0,0,0,0,0,0,1,0,5,0,0,1,1,0,1,0,3,4,0,0,0,0,0,0,0,0,1,0
SE Mo Coach,,no,0,188,65535,0,0,0,0,0,0,0,65535,0,0,0,0,0,0,0,0,2,50,62,125,120,0,0,0,0,,SE Mo Coach,0,50,57,52,55,62,0,0,0,0,0,2,0,0,0,0,29,37,34,1,0,0,511,0,0,0,0,0,0,0,0,0,0,0,2,0,0,1,1,0,0,0,3,2,0,0,0,0,0,0,0,0,1,0
SMU Coach,SMU Mustangs,yes,0,82,65535,0,0,0,0,0,0,0,65535,0,0,0,0,0,0,0,0,3,50,62,128,83,1,0,0,0,,SMU Coach,0,50,47,50,50,55,0,0,0,0,0,2,0,0,0,0,30,36,34,1,0,0,83,-1,0,0,0,0,0,0,0,0,1,0,2,0,0,1,0,0,0,0,3,1,0,0,0,0,0,0,0,0,0,0
S Car Coach,South Carolina Gamecocks,yes,0,83,65535,0,0,0,0,0,0,0,65535,0,0,0,0,0,0,0,0,2,65,62,129,84,4,0,0,0,,S Car Coach,0,50,69,60,50,60,0,0,0,0,0,2,0,0,0,0,33,34,33,1,0,0,84,-1,0,0,0,0,0,0,0,0,4,0,0,0,0,1,1,0,2,0,3,2,0,0,0,0,0,0,0,0,1,0
SE La Coach,,no,0,313,65535,0,0,0,0,0,0,0,65535,0,0,0,0,0,0,0,0,2,50,48,125,120,0,0,0,0,,SE La Coach,0,50,55,55,45,50,0,0,0,0,0,1,0,0,0,0,33,35,32,1,0,0,511,0,0,0,2,0,0,0,0,0,0,0,5,0,0,1,0,0,1,0,3,1,0,0,0,0,0,0,0,0,1,0
South Coach,,no,0,139,65535,0,0,0,0,0,0,0,65535,0,0,0,0,0,0,0,0,4,55,38,125,120,0,0,0,0,,South Coach,0,50,68,47,60,50,0,0,0,0,0,3,0,0,0,0,35,33,32,1,0,0,511,0,0,0,5,0,0,0,0,0,0,0,0,0,0,1,1,0,0,0,3,1,0,0,0,0,0,0,0,0,1,1
SIU Coach,,no,0,175,65535,0,0,0,0,0,0,0,65535,0,0,0,0,0,0,0,0,2,40,46,125,122,0,0,0,0,,SIU Coach,0,50,64,46,40,65,0,0,0,0,0,3,0,0,0,0,33,33,34,1,0,0,511,0,0,0,0,0,0,0,0,0,0,0,2,0,0,1,1,0,0,0,2,2,0,0,0,0,0,0,0,0,1,1
USM Coach,Southern Miss Golden Eagles,yes,0,84,65535,0,0,0,0,0,0,0,65535,0,0,0,0,0,0,0,0,0,65,50,129,85,3,0,0,0,,USM Coach,0,50,40,42,40,45,0,0,0,0,0,2,0,0,0,0,33,35,32,1,0,0,85,-1,0,0,2,0,0,0,0,0,3,0,0,0,0,1,0,0,0,0,3,2,0,0,0,0,0,0,0,0,0,0
Stan Coach,Stanford Cardinal,yes,0,76,65535,0,0,0,0,0,0,0,65535,0,0,0,0,0,0,0,0,0,50,77,126,86,3,0,0,0,,Stan Coach,0,50,40,48,50,65,0,0,0,0,0,2,0,0,0,0,33,35,32,1,0,0,87,-1,0,0,2,0,0,0,0,0,3,0,0,0,0,1,0,0,0,0,0,4,0,0,0,0,0,0,0,0,0,0
SFASU Coach,,no,0,182,65535,0,0,0,0,0,0,0,65535,0,0,0,0,0,0,0,0,2,50,62,125,121,0,0,0,0,,SFASU Coach,0,50,57,52,55,62,0,0,0,0,0,2,0,0,0,0,36,33,31,1,0,0,511,0,0,0,0,0,0,0,0,0,0,0,2,0,0,1,1,0,0,0,0,2,0,0,0,0,0,0,0,0,1,1
SU Coach,Syracuse Orange,yes,0,87,65535,0,0,0,0,0,0,0,65535,0,0,0,0,0,0,0,0,2,50,77,128,87,4,0,0,0,,SU Coach,0,50,47,45,45,65,0,0,0,0,0,2,0,0,0,0,35,34,31,1,0,0,88,-1,0,0,0,0,0,0,0,0,4,0,5,0,0,1,1,0,0,0,3,4,0,0,0,0,0,0,0,0,1,0
TCU Coach,TCU Horned Frogs,yes,0,88,65535,0,0,0,0,0,0,0,65535,0,0,0,0,0,0,0,0,0,65,57,129,91,3,0,0,0,,TCU Coach,0,50,42,38,40,45,0,0,0,0,0,2,0,0,0,0,34,31,35,1,0,0,89,-1,0,0,2,0,0,0,0,0,3,0,4,0,0,1,0,0,0,0,2,0,0,0,0,0,0,0,0,0,1,0
Temple Coach,Temple Owls,yes,0,89,65535,0,0,0,0,0,0,0,65535,0,0,0,0,0,0,0,0,4,60,38,126,88,1,0,0,0,,Temple Coach,0,50,58,45,45,50,0,0,0,0,0,1,0,0,0,0,31,34,35,1,0,0,90,-1,0,0,0,0,0,0,0,0,1,0,5,0,0,1,1,0,1,0,2,2,0,0,0,0,0,0,0,0,1,0
Tenn Coach,Tennessee Volunteers,yes,0,90,65535,0,0,0,0,0,0,0,65535,0,0,0,0,0,0,0,0,2,50,46,128,89,6,0,0,0,,Tenn Coach,0,50,56,39,40,65,0,0,0,0,0,1,0,0,0,0,29,37,34,1,0,0,91,-1,0,0,0,0,0,0,0,0,6,0,5,0,0,1,0,0,1,0,3,2,0,0,0,0,0,0,0,0,1,0
Tenn St Coach,,no,0,191,65535,0,0,0,0,0,0,0,65535,0,0,0,0,0,0,0,0,1,50,62,125,124,0,0,0,0,,Tenn St Coach,0,50,57,52,55,62,0,0,0,0,0,2,0,0,0,0,32,38,30,1,0,0,511,0,0,0,5,0,0,0,0,0,0,0,0,0,0,1,0,0,0,0,3,2,0,0,0,0,0,0,0,0,2,0
Tn Tech Coach,,no,0,190,65535,0,0,0,0,0,0,0,65535,0,0,0,0,0,0,0,0,4,50,62,125,121,0,0,0,0,,Tn Tech Coach,0,50,57,52,55,62,0,0,0,0,0,3,0,0,0,0,36,35,29,1,0,0,511,0,0,0,0,0,0,0,0,0,0,0,0,0,0,1,1,0,0,0,3,2,0,0,0,0,0,0,0,0,1,1
UTM Coach,,no,0,193,65535,0,0,0,0,0,0,0,65535,0,0,0,0,0,0,0,0,0,50,62,125,122,0,0,0,0,,UTM Coach,0,50,57,52,55,62,0,0,0,0,0,2,0,0,0,0,27,38,35,1,0,0,511,0,0,0,0,0,0,0,0,0,0,0,0,0,0,1,0,0,0,0,3,2,0,0,0,0,0,0,0,0,1,0
Texas Coach,Texas Longhorns,yes,0,91,65535,0,0,0,0,0,0,0,65535,0,0,0,0,0,0,0,0,2,50,46,128,93,6,0,0,0,,Texas Coach,0,50,44,44,45,45,0,0,0,0,0,2,0,0,0,0,32,38,30,1,0,0,92,-1,0,0,0,0,0,0,0,0,6,0,2,0,0,1,1,0,0,0,3,2,0,0,0,0,0,0,0,0,0,0
TAMU Coach,Texas A&M Aggies,yes,0,92,65535,0,0,0,0,0,0,0,65535,0,0,0,0,0,0,0,0,4,35,42,128,90,5,0,0,0,,TAMU Coach,0,50,57,50,50,55,0,0,0,0,0,2,0,0,0,0,30,36,34,1,0,0,93,-1,0,0,2,0,0,0,0,0,5,0,5,0,0,1,0,0,0,0,3,1,0,0,0,0,0,0,0,0,1,0
TSU Coach,E Washington Eagles,yes,0,140,65535,0,0,0,0,0,0,0,65535,0,0,0,0,0,0,0,0,4,50,40,125,121,0,0,0,0,,TSU Coach,0,50,40,33,55,40,0,0,0,0,0,2,0,0,0,0,33,34,33,1,0,0,197,0,0,0,5,0,0,0,0,0,0,0,0,0,0,1,0,0,0,0,3,2,0,0,0,0,0,0,0,0,2,0
Tx St Coach,,no,0,184,65535,0,0,0,0,0,0,0,65535,0,0,0,0,0,0,0,0,2,50,62,125,121,0,0,0,0,,Tx St Coach,0,50,57,52,55,62,0,0,0,0,0,4,0,0,0,0,31,34,35,1,0,0,511,0,0,0,0,0,0,0,0,0,0,0,2,0,0,1,1,0,0,0,2,2,0,0,0,0,0,0,0,0,2,0
Tx Tech Coach,Texas Tech Red Raiders,yes,0,93,65535,0,0,0,0,0,0,0,65535,0,0,0,0,0,0,0,0,0,70,64,128,92,3,0,0,0,,Tx Tech Coach,0,50,50,75,50,55,0,0,0,0,0,1,0,0,0,0,31,33,36,1,0,0,94,-1,0,0,0,0,0,0,0,0,3,0,2,0,0,1,1,0,1,0,3,1,0,0,0,0,0,0,0,0,1,0
Citadel Coach,,no,0,156,65535,0,0,0,0,0,0,0,65535,0,0,0,0,0,0,0,0,4,40,46,125,122,0,0,0,0,,Citadel Coach,0,50,64,33,40,65,0,0,0,0,0,0,0,0,0,0,33,31,36,1,0,0,511,0,0,0,0,0,0,0,0,0,0,0,0,0,0,1,0,0,0,0,3,1,0,0,0,0,0,0,0,0,1,0
Toledo Coach,Toledo Rockets,yes,0,94,65535,0,0,0,0,0,0,0,65535,0,0,0,0,0,0,0,0,2,55,46,126,94,3,0,0,0,,Toledo Coach,0,50,48,50,55,65,0,0,0,0,0,3,0,0,0,0,34,34,32,1,0,0,95,-1,0,0,0,0,0,0,0,0,3,0,2,0,0,1,0,0,0,0,0,1,0,0,0,0,0,0,0,0,2,0
Towson Coach,,no,0,194,65535,0,0,0,0,0,0,0,65535,0,0,0,0,0,0,0,0,2,50,62,125,124,0,0,0,0,,Towson Coach,0,50,57,52,55,62,0,0,0,0,0,4,0,0,0,0,31,35,34,1,0,0,511,0,0,0,0,0,0,0,0,0,0,0,1,0,0,1,1,0,0,0,3,1,0,0,0,0,0,0,0,0,1,1
Troy Coach,Troy Trojans,yes,0,142,65535,0,0,0,0,0,0,0,65535,0,0,0,0,0,0,0,0,2,45,73,128,95,1,0,0,0,,Troy Coach,0,50,58,36,55,40,0,0,0,0,0,2,0,0,0,0,34,32,34,1,0,0,143,-1,0,0,0,0,0,0,0,0,1,0,4,0,0,1,0,0,0,0,3,1,0,0,0,0,0,0,0,0,1,0
Tulane Coach,Tulane Green Wave,yes,0,95,65535,0,0,0,0,0,0,0,65535,0,0,0,0,0,0,0,0,2,40,57,128,96,2,0,0,0,,Tulane Coach,0,50,58,48,40,55,0,0,0,0,0,2,0,0,0,0,33,33,34,1,0,0,96,-1,0,0,0,0,0,0,0,0,2,0,3,0,0,1,1,0,0,0,3,1,0,0,0,0,0,0,0,0,1,0
Tulsa Coach,Tulsa Golden Hurricane,yes,0,96,65535,0,0,0,0,0,0,0,65535,0,0,0,0,0,0,0,0,1,70,48,125,97,2,0,0,0,,Tulsa Coach,0,50,59,48,40,55,0,0,0,0,0,1,0,0,0,0,36,36,28,1,0,0,97,-1,0,0,2,0,0,0,0,0,2,0,2,0,0,1,0,0,1,0,1,1,0,0,0,0,0,0,0,0,0,0
UAB Coach,UAB Blazers,yes,0,97,65535,0,0,0,0,0,0,0,65535,0,0,0,0,0,0,0,0,4,55,38,128,98,2,0,0,0,,UAB Coach,0,50,47,43,40,50,0,0,0,0,0,1,0,0,0,0,32,34,34,1,0,0,98,-1,0,0,0,0,0,0,0,0,2,0,5,0,0,1,1,0,1,0,3,2,0,0,0,0,0,0,0,0,0,0
UCF Coach,UCF Golden Knights,yes,0,17,65535,0,0,0,0,0,0,0,65535,0,0,0,0,0,0,0,0,2,35,42,128,99,2,0,0,0,,UCF Coach,0,50,46,45,45,55,0,0,0,0,0,4,0,0,0,0,35,35,30,1,0,0,18,-1,0,0,0,0,0,0,0,0,2,0,5,0,0,1,1,0,0,0,3,2,0,0,0,0,0,0,0,0,2,0
UCLA Coach,UCLA Bruins,yes,0,98,65535,0,0,0,0,0,0,0,65535,0,0,0,0,0,0,0,0,0,45,62,128,100,4,0,0,0,,UCLA Coach,0,50,58,42,45,55,0,0,0,0,0,0,0,0,0,0,37,34,29,1,0,0,99,-1,0,0,5,0,0,0,0,0,4,0,0,0,0,1,0,0,0,0,3,4,0,0,0,0,0,0,0,0,0,0
UL Coach,UL Lafayette Ragin' Cajuns,yes,0,85,65535,0,0,0,0,0,0,0,65535,0,0,0,0,0,0,0,0,4,40,50,128,102,1,0,0,0,,UL Coach,0,50,62,53,45,55,0,0,0,0,0,3,0,0,0,0,35,34,31,1,0,0,86,-1,0,0,0,0,0,0,0,0,1,0,5,0,0,1,1,0,0,0,3,2,0,0,0,0,0,0,0,0,1,1
ULM Coach,UL Monroe Warhawks,yes,0,64,65535,0,0,0,0,0,0,0,65535,0,0,0,0,0,0,0,0,1,65,50,127,45,1,0,0,0,,ULM Coach,0,50,41,51,40,45,0,0,0,0,0,2,0,0,0,0,39,33,28,1,0,0,65,-1,0,0,2,0,0,0,0,0,1,0,2,0,0,1,0,0,0,0,2,1,0,0,0,0,0,0,0,0,0,0
UMass Coach,,no,0,148,65535,0,0,0,0,0,0,0,65535,0,0,0,0,0,0,0,0,5,40,46,125,124,0,0,0,0,,UMass Coach,0,50,64,44,40,65,0,0,0,0,0,2,0,0,0,0,31,36,33,1,0,0,511,0,0,0,0,0,0,0,0,0,0,0,5,0,0,1,1,0,0,0,3,4,0,0,0,0,0,0,0,0,1,0
UNI Coach,,no,0,174,65535,0,0,0,0,0,0,0,65535,0,0,0,0,0,0,0,0,2,40,46,125,121,0,0,0,0,,UNI Coach,0,50,64,54,40,65,0,0,0,0,0,3,0,0,0,0,30,35,35,1,0,0,511,0,0,0,0,0,0,0,0,0,0,0,4,0,0,1,0,0,0,0,0,4,0,0,0,0,0,0,0,0,1,0
UNLV Coach,UNLV Rebels,yes,0,100,65535,0,0,0,0,0,0,0,65535,0,0,0,0,0,0,0,0,2,35,42,125,103,2,0,0,0,,UNLV Coach,0,50,55,45,60,55,0,0,0,0,0,2,0,0,0,0,33,36,31,1,0,0,101,-1,0,0,2,0,0,0,0,0,2,0,0,0,0,1,1,0,0,0,1,1,0,0,0,0,0,0,0,0,1,0
USC Coach,USC Trojans,yes,0,101,65535,0,0,0,0,0,0,0,65535,0,0,0,0,0,0,0,0,2,45,62,128,104,6,0,0,0,,USC Coach,0,50,49,50,55,55,0,0,0,0,0,2,0,0,0,0,35,35,30,1,0,0,102,-1,0,0,2,0,0,0,0,0,6,0,5,0,0,1,0,0,0,0,3,4,0,0,0,0,0,0,0,0,0,0
USF Coach,USF Bulls,yes,0,143,65535,0,0,0,0,0,0,0,65535,0,0,0,0,0,0,0,0,0,40,46,128,105,2,0,0,0,,USF Coach,0,50,61,51,40,65,0,0,0,0,0,2,0,0,0,0,33,34,33,1,0,0,144,-1,0,0,0,0,0,0,0,0,2,0,4,0,0,1,1,0,2,0,3,1,0,0,0,0,0,0,0,0,0,0
Utah Coach,Utah Utes,yes,0,34,65535,0,0,0,0,0,0,0,65535,0,0,0,0,0,0,0,0,1,65,50,128,107,4,0,0,0,,Utah Coach,0,50,58,50,40,45,0,0,0,0,0,0,0,0,0,0,33,34,33,1,0,0,103,-1,0,0,0,0,0,0,0,0,4,0,0,0,0,1,0,0,0,0,3,1,0,0,0,0,0,0,0,0,1,0
Utah St Coach,Utah State Aggies,yes,0,103,65535,0,0,0,0,0,0,0,65535,0,0,0,0,0,0,0,0,3,40,57,128,108,1,0,0,0,,Utah St Coach,0,50,40,40,60,45,0,0,0,0,0,3,0,0,0,0,36,32,32,1,0,0,104,-1,0,0,0,0,0,0,0,0,1,0,2,0,0,1,0,0,0,0,3,2,0,0,0,0,0,0,0,0,1,0
UTEP Coach,UTEP Miners,yes,0,104,65535,0,0,0,0,0,0,0,65535,0,0,0,0,0,0,0,0,4,40,46,128,106,2,0,0,0,,UTEP Coach,0,50,61,52,55,65,0,0,0,0,0,1,0,0,0,0,31,33,36,1,0,0,105,-1,0,0,0,0,0,0,0,0,2,0,5,0,0,1,1,0,1,0,3,1,0,0,0,0,0,0,0,0,1,1
Vandy Coach,Vanderbilt Commodores,yes,0,105,65535,0,0,0,0,0,0,0,65535,0,0,0,0,0,0,0,0,4,65,42,128,109,2,0,0,0,,Vandy Coach,0,50,47,35,55,55,0,0,0,0,0,2,0,0,0,0,31,36,33,1,0,0,106,-1,0,0,0,0,0,0,0,0,2,0,5,0,0,1,0,0,0,0,3,2,0,0,0,0,0,0,0,0,0,0
Villa Coach,,no,0,153,65535,0,0,0,0,0,0,0,65535,0,0,0,0,0,0,0,0,4,40,46,125,121,0,0,0,0,,Villa Coach,0,50,64,50,40,65,0,0,0,0,0,2,0,0,0,0,31,36,33,1,0,0,511,0,0,0,0,0,0,0,0,0,0,0,5,0,0,1,0,0,0,0,2,2,0,0,0,0,0,0,0,0,0,1
UVA Coach,Virginia Cavaliers,yes,0,106,65535,0,0,0,0,0,0,0,65535,0,0,0,0,0,0,0,0,2,40,57,126,111,4,0,0,0,,UVA Coach,0,50,58,49,40,55,0,0,0,0,0,1,0,0,0,0,28,37,35,1,0,0,107,-1,0,0,2,0,0,0,0,0,4,0,2,0,0,1,1,0,1,0,0,4,0,0,0,0,0,0,0,0,0,0
VT Coach,Virginia Tech Hokies,yes,0,107,65535,0,0,0,0,0,0,0,65535,0,0,0,0,0,0,0,0,4,55,43,128,110,5,0,0,0,,VT Coach,0,50,44,36,40,50,0,0,0,0,0,1,0,0,0,0,32,35,33,1,0,0,108,-1,0,0,0,0,0,0,0,0,5,0,5,0,0,1,1,0,1,0,3,2,0,0,0,0,0,0,0,0,1,0
Wake Coach,Wake Forest Demon Deacons,yes,0,108,65535,0,0,0,0,0,0,0,65535,0,0,0,0,0,0,0,0,2,60,46,125,112,3,0,0,0,,Wake Coach,0,50,47,36,45,60,0,0,0,0,0,1,0,0,0,0,38,32,30,1,0,0,109,-1,0,0,0,0,0,0,0,0,3,0,5,0,0,1,0,0,1,0,3,2,0,0,0,0,0,0,0,0,0,0
Wash Coach,Washington Huskies,yes,0,67,65535,0,0,0,0,0,0,0,65535,0,0,0,0,0,0,0,0,1,50,64,128,114,4,0,0,0,,Wash Coach,0,50,47,38,50,55,0,0,0,0,0,1,0,0,0,0,32,36,32,1,1,0,110,-1,1,0,5,0,0,0,0,0,4,0,0,0,0,1,1,0,1,0,3,2,0,0,0,0,0,0,0,2,0,0
WSU Coach,Washington State Cougars,yes,0,110,65535,0,0,0,0,0,0,0,65535,0,0,0,0,0,0,0,0,4,75,38,128,113,4,0,0,0,,WSU Coach,0,50,60,51,40,50,0,0,0,0,0,2,0,0,0,0,38,31,31,1,0,0,111,-1,0,0,0,0,0,0,0,0,4,0,5,0,0,1,1,0,0,0,3,1,0,0,0,0,0,0,0,0,1,1
Weber Coach,,no,0,171,65535,0,0,0,0,0,0,0,65535,0,0,0,0,0,0,0,0,2,40,46,125,124,0,0,0,0,,Weber Coach,0,50,64,43,40,65,0,0,0,0,0,3,0,0,0,0,37,30,33,1,0,0,511,0,0,0,0,0,0,0,0,0,0,0,5,0,0,1,1,0,0,0,3,2,0,0,0,0,0,0,0,0,1,0
WVU Coach,West Virginia Mountaineers,yes,0,111,65535,0,0,0,0,0,0,0,65535,0,0,0,0,0,0,0,0,0,60,50,125,115,4,0,0,0,,WVU Coach,0,50,54,28,45,55,0,0,0,0,0,1,0,0,0,0,30,35,35,1,0,0,112,-1,0,0,2,0,0,0,0,0,4,0,2,0,0,1,1,0,1,0,1,1,0,0,0,0,0,0,0,0,0,0
WCU Coach,,no,0,161,65535,0,0,0,0,0,0,0,65535,0,0,0,0,0,0,0,0,2,40,46,125,124,0,0,0,0,,WCU Coach,0,50,64,56,40,65,0,0,0,0,0,2,0,0,0,0,35,34,31,1,0,0,511,0,0,0,0,0,0,0,0,0,0,0,2,0,0,1,0,0,0,0,3,4,0,0,0,0,0,0,0,0,1,0
WIU Coach,,no,0,176,65535,0,0,0,0,0,0,0,65535,0,0,0,0,0,0,0,0,4,40,46,125,121,0,0,0,0,,WIU Coach,0,50,64,53,40,65,0,0,0,0,0,2,0,0,0,0,28,35,37,1,0,0,511,0,0,0,0,0,0,0,0,0,0,0,5,0,0,1,1,0,0,0,1,2,0,0,0,0,0,0,0,0,1,0
WKU Coach,,no,0,177,65535,0,0,0,0,0,0,0,65535,0,0,0,0,0,0,0,0,0,40,46,125,122,0,0,0,0,,WKU Coach,0,50,64,39,40,65,0,0,0,0,0,2,0,0,0,0,34,34,32,1,0,0,511,0,0,0,0,0,0,0,0,0,0,0,0,0,0,1,1,0,0,0,0,2,0,0,0,0,0,0,0,0,1,0
WMU Coach,Western Michigan Broncos,yes,0,112,65535,0,0,0,0,0,0,0,65535,0,0,0,0,0,0,0,0,4,50,57,128,116,1,0,0,0,,WMU Coach,0,50,68,54,50,45,0,0,0,0,0,2,0,0,0,0,34,33,33,1,0,0,113,-1,0,0,0,0,0,0,0,0,1,0,5,0,0,1,1,0,0,0,3,2,0,0,0,0,0,0,0,0,1,0
W&M Coach,,no,0,154,65535,0,0,0,0,0,0,0,65535,0,0,0,0,0,0,0,0,4,40,46,125,119,0,0,0,0,,W&M Coach,0,50,64,46,40,65,0,0,0,0,0,1,0,0,0,0,30,38,32,1,0,0,511,0,0,0,0,0,0,0,0,0,0,0,5,0,0,1,1,0,1,0,3,2,0,0,0,0,0,0,0,0,1,0
Wisc Coach,Wisconsin Badgers,yes,0,113,65535,0,0,0,0,0,0,0,65535,0,0,0,0,0,0,0,0,4,70,64,128,117,4,0,0,0,,Wisc Coach,0,50,59,33,50,55,0,0,0,0,0,3,0,0,0,0,34,34,32,1,0,0,114,-1,0,0,2,0,0,0,0,0,4,0,5,0,0,1,0,0,0,0,3,2,0,0,0,0,0,0,0,0,1,1
Woff Coach,,no,0,162,65535,0,0,0,0,0,0,0,65535,0,0,0,0,0,0,0,0,4,40,46,125,123,0,0,0,0,,Woff Coach,0,50,64,35,40,65,0,0,0,0,0,0,0,0,0,0,32,35,33,1,0,0,511,0,0,0,0,0,0,0,0,0,0,0,5,0,0,1,0,0,0,0,0,3,0,0,0,0,0,0,0,0,1,1
Wyo Coach,Wyoming Cowboys,yes,0,114,65535,0,0,0,0,0,0,0,65535,0,0,0,0,0,0,0,0,2,50,40,128,118,2,0,0,0,,Wyo Coach,0,50,47,55,45,40,0,0,0,0,0,1,0,0,0,0,30,37,33,1,0,0,115,-1,0,0,0,0,0,0,0,0,2,0,2,0,0,1,1,0,1,0,3,1,0,0,0,0,0,0,0,0,1,0
Yale Coach,,no,0,141,65535,0,0,0,0,0,0,0,65535,0,0,0,0,0,0,0,0,4,50,64,125,122,0,0,0,0,,Yale Coach,0,50,45,44,40,55,0,0,0,0,0,3,0,0,0,0,27,35,38,1,0,0,511,0,0,0,0,0,0,0,0,0,0,0,5,0,0,1,1,0,0,0,0,2,0,0,0,0,0,0,0,0,1,0
YSU Coach,,no,0,178,65535,0,0,0,0,0,0,0,65535,0,0,0,0,0,0,0,0,2,40,46,125,124,0,0,0,0,,YSU Coach,0,50,64,52,40,65,0,0,0,0,0,2,0,0,0,0,35,34,31,1,0,0,511,0,0,0,0,0,0,0,0,0,0,0,1,0,0,1,0,0,0,0,0,2,0,0,0,0,0,0,0,0,1,1
Coach,,no,0,311,65535,0,0,0,0,0,0,0,65535,0,0,0,0,0,0,0,0,2,50,62,128,124,0,0,0,0,,Coach,0,0,57,52,55,62,0,0,0,0,1,4,0,0,0,0,35,35,30,1,0,0,511,0,0,0,0,0,0,0,0,0,0,0,2,0,0,1,0,0,0,0,3,2,0,0,0,0,0,0,0,0,1,1
Coach,,no,0,310,65535,0,0,0,0,0,0,0,65535,0,0,0,0,0,0,0,0,2,50,57,128,124,0,0,0,0,,Coach,0,0,42,43,40,40,0,0,0,0,1,3,0,0,0,0,33,34,33,1,0,0,511,0,0,0,0,0,0,0,0,0,0,0,5,0,0,1,1,0,0,0,3,2,0,0,0,0,0,0,0,0,1,0
Coach,,no,0,309,65535,0,0,0,0,0,0,0,65535,0,0,0,0,0,0,0,0,2,50,52,128,122,0,0,0,0,,Coach,0,0,67,53,45,47,0,0,0,0,1,4,0,0,0,0,31,36,33,1,0,0,511,0,0,0,0,0,0,0,0,0,0,0,2,0,0,1,1,0,0,0,3,2,0,0,0,0,0,0,0,0,0,0
Coach,,no,0,308,65535,0,0,0,0,0,0,0,65535,0,0,0,0,0,0,0,0,1,50,40,128,122,0,0,0,0,,Coach,0,0,49,51,55,57,0,0,0,0,1,1,0,0,0,0,31,33,36,1,0,0,511,0,0,0,5,0,0,0,0,0,0,0,0,0,0,1,0,0,1,0,3,2,0,0,0,0,0,0,0,0,1,0
Coach,,no,0,307,65535,0,0,0,0,0,0,0,65535,0,0,0,0,0,0,0,0,3,50,41,128,121,0,0,0,0,,Coach,0,0,62,53,40,59,0,0,0,0,1,0,0,0,0,0,25,38,37,1,0,0,511,0,0,0,5,0,0,0,0,0,0,0,0,0,0,1,1,0,0,0,3,2,0,0,0,0,0,0,0,0,0,0
Coach,,no,0,306,65535,0,0,0,0,0,0,0,65535,0,0,0,0,0,0,0,0,5,50,46,128,121,0,0,0,0,,Coach,0,0,58,42,45,56,0,0,0,0,1,1,0,0,0,0,35,34,31,1,0,0,511,0,0,0,0,0,0,0,0,0,0,0,5,0,0,1,0,0,1,0,3,2,0,0,0,0,0,0,0,0,1,1
Coach,,no,0,305,65535,0,0,0,0,0,0,0,65535,0,0,0,0,0,0,0,0,3,50,49,128,121,0,0,0,0,,Coach,0,0,47,50,55,49,0,0,0,0,1,2,0,0,0,0,35,35,30,1,0,0,511,0,0,0,5,0,0,0,0,0,0,0,5,0,0,1,1,0,2,0,3,2,0,0,0,0,0,0,0,0,0,1
Coach,,no,0,304,65535,0,0,0,0,0,0,0,65535,0,0,0,0,0,0,0,0,2,50,42,128,120,0,0,0,0,,Coach,0,0,45,48,40,44,0,0,0,0,1,1,0,0,0,0,32,34,34,1,0,0,511,0,0,0,2,0,0,0,0,0,0,0,4,0,0,1,0,0,1,0,3,2,0,0,0,0,0,0,0,0,0,0
Coach,,no,0,303,65535,0,0,0,0,0,0,0,65535,0,0,0,0,0,0,0,0,0,50,46,128,120,0,0,0,0,,Coach,0,0,62,52,45,43,0,0,0,0,1,1,0,0,0,0,32,32,36,1,0,0,511,0,0,0,0,0,0,0,0,0,0,0,2,0,0,1,1,0,1,0,3,2,0,0,0,0,0,0,0,0,0,0
Coach,,no,0,302,65535,0,0,0,0,0,0,0,65535,0,0,0,0,0,0,0,0,4,50,47,128,124,0,0,0,0,,Coach,0,0,56,57,50,39,0,0,0,0,1,1,0,0,0,0,31,34,35,1,0,0,511,0,0,0,0,0,0,0,0,0,0,0,5,0,0,1,0,0,1,0,3,2,0,0,0,0,0,0,0,0,1,0
Coach,,no,0,301,65535,0,0,0,0,0,0,0,65535,0,0,0,0,0,0,0,0,0,50,57,128,123,0,0,0,0,,Coach,0,0,47,52,55,67,0,0,0,0,1,1,0,0,0,0,35,31,34,1,0,0,511,0,0,0,0,0,0,0,0,0,0,0,2,0,0,1,1,0,1,0,3,2,0,0,0,0,0,0,0,0,0,0
Coach,,no,0,300,65535,0,0,0,0,0,0,0,65535,0,0,0,0,0,0,0,0,0,50,41,128,122,0,0,0,0,,Coach,0,0,56,39,40,53,0,0,0,0,1,2,0,0,0,0,38,30,32,1,0,0,511,0,0,0,0,0,0,0,0,0,0,0,2,0,0,1,0,0,2,0,3,2,0,0,0,0,0,0,0,0,1,0
Coach,,no,0,299,65535,0,0,0,0,0,0,0,65535,0,0,0,0,0,0,0,0,2,50,49,128,121,0,0,0,0,,Coach,0,0,47,46,45,54,0,0,0,0,1,2,0,0,0,0,40,31,29,1,0,0,511,0,0,0,2,0,0,0,0,0,0,0,5,0,0,1,1,0,0,0,3,2,0,0,0,0,0,0,0,0,0,0
Coach,,no,0,298,65535,0,0,0,0,0,0,0,65535,0,0,0,0,0,0,0,0,0,50,44,128,120,0,0,0,0,,Coach,0,0,58,52,55,59,0,0,0,0,1,2,0,0,0,0,29,36,35,1,0,0,511,0,0,0,0,0,0,0,0,0,0,0,1,0,0,1,0,0,0,0,3,2,0,0,0,0,0,0,0,0,1,0
Coach,,no,0,297,65535,0,0,0,0,0,0,0,65535,0,0,0,0,0,0,0,0,1,50,67,128,119,0,0,0,0,,Coach,0,0,48,65,40,42,0,0,0,0,1,1,0,0,0,0,36,31,33,1,0,0,511,0,0,0,5,0,0,0,0,0,0,0,0,0,0,1,1,0,1,0,3,2,0,0,0,0,0,0,0,0,0,0
