name,team,origin,position,year,jersey,height,weight,inPlay,lineupSNPD,lineupSNPO,POVR_display,PSPD_display,PSTR_display,PAWR_display,PACC_display,PAGI_display,PCAR_display,PCTH_display,PJMP_display,PTAK_display,PSTA_display,PINJ_display,PTHP_display,PTHA_display,PBTK_display,PPBK_display,PRBK_display,PKPR_display,PKAC_display,PGID,PGCI,PGPI,PGSI,PGYI,PFNA,PLNA,PWGT,PTHA,PSTA,PLEB,PREB,PKAC,PACC,PSBD,PHED,PHPD,SNPD,PSPD,PRSD,PPOE,PBRE,PEYE,PLMG,PFSH,PLSH,PMSH,PRSH,PSSH,PCTH,PAGI,PSKI,PINJ,PTAK,PPBK,PRBK,PNEK,PFMK,PBTK,PHCL,PFGM,HELM,PHAN,PJEN,PTEN,PLHN,PRHN,PSLO,SNPO,PTTO,PLFP,PRGP,PTHP,PFMP,PIMP,PJMP,PSNP,PTYP,PCAR,PYER,PKPR,PSTR,POVR,PAWR,PVIS,PFJS,PPOS,PLWS,PRWS,PHGT,PSLT,PRST
Elliot Brown,Washington Huskies,roster,C,JR,58,"6'3""",310,yes,1,1,76,44,87,78,52,44,40,40,40,40,70,78,40,40,40,84,84,40,40,7700,65535,198,198,65535,Elliot,Brown,150,0,9,0,0,0,3,0,7,0,1,1,2,17,0,0,0,4,0,3,0,0,0,1,7,13,0,16,16,0,10,0,0,13,0,0,58,15,2,2,2,1,0,0,0,0,57,4,0,2,0,0,2,0,19,12,13,0,0,7,0,0,75,1,0
Stephen Murphy,Washington Huskies,roster,C,SO,62,"6'2""",250,yes,0,0,62,44,85,52,48,44,40,40,40,40,70,85,40,40,40,80,78,40,40,7701,65535,688,688,65535,Stephen,Murphy,90,0,9,0,0,0,2,0,5,0,0,1,2,15,0,0,0,3,0,3,0,1,0,1,1,17,0,14,13,0,4,0,2,6,0,0,62,15,2,2,2,0,0,0,0,0,8,0,0,0,0,0,1,0,17,6,3,0,0,7,0,0,74,1,0
C.J. Smith,Washington Huskies,roster,CB,SR,6,"5'11""",180,yes,0,0,80,90,44,78,90,88,52,62,85,52,85,90,40,40,40,40,40,40,40,7702,65535,858,858,65535,C.J.,Smith,20,0,17,7,7,0,22,0,0,0,0,22,2,18,0,0,0,15,0,15,0,4,6,20,4,22,3,0,0,0,7,0,0,12,0,0,6,24,2,2,0,0,0,0,0,0,36,7,17,1,0,3,3,0,1,14,13,0,0,16,0,0,71,2,0
Marcus Hairston,Washington Huskies,roster,CB,JR,16,"6'0""",184,yes,0,0,74,88,48,74,88,86,48,52,86,59,90,86,40,40,48,40,40,40,40,7703,65535,1283,1283,65535,Marcus,Hairston,24,0,22,0,0,0,20,0,14,0,0,20,1,20,0,0,0,15,0,15,0,4,3,18,4,18,5,0,0,0,2,2,0,7,0,0,16,17,2,2,0,0,0,0,0,0,33,3,18,0,0,2,2,0,2,11,11,0,0,16,0,0,72,1,0
Courtney Fraser,Washington Huskies,roster,CB,JR,28,"5'11""",185,yes,0,0,80,90,48,72,89,91,52,70,87,48,88,88,40,40,56,40,40,40,40,7704,65535,28,2277,65535,Courtney,Fraser,25,0,20,0,0,0,21,0,7,0,0,22,2,19,0,0,0,15,0,15,0,4,9,23,4,20,2,0,0,0,9,4,0,14,0,0,28,25,2,2,2,0,0,0,0,0,32,7,19,1,0,3,2,0,2,14,10,0,0,16,5,5,71,1,0
Kyle Lowe,Washington Huskies,roster,CB,JR,30,"6'1""",215,yes,0,0,76,84,62,72,84,87,65,65,84,62,86,85,40,40,62,56,56,40,40,7705,65535,589,589,65535,Kyle,Lowe,55,0,18,0,0,0,16,0,7,0,0,16,2,17,0,0,0,0,0,0,0,3,7,19,4,17,6,4,4,0,2,6,0,11,0,0,30,10,2,2,0,0,0,0,0,0,38,4,16,1,0,7,2,0,6,12,10,0,0,16,0,0,73,1,0
Martin Wright,Washington Huskies,roster,CB,SR,31,"5'10""",175,yes,0,0,72,87,44,65,90,86,48,59,85,48,85,90,40,40,40,40,40,40,40,7706,65535,1004,1004,65535,Martin,Wright,15,0,17,0,0,0,22,0,0,0,0,19,2,20,0,0,0,15,0,15,0,4,5,18,4,22,2,0,0,0,1,0,0,12,2,0,31,23,2,2,2,0,0,0,0,0,35,2,17,1,0,2,3,0,1,10,7,0,0,16,0,0,70,1,0
Walter Petty,Washington Huskies,roster,CB,SO,40,"5'11""",185,yes,0,0,65,84,48,62,87,84,48,52,80,52,87,90,40,40,48,40,40,40,40,7707,65535,744,744,65535,Walter,Petty,25,0,19,0,0,0,19,0,4,0,0,16,2,15,0,1,0,15,0,15,0,4,3,16,0,22,3,0,0,0,2,2,2,7,0,0,40,16,2,2,0,0,0,0,0,0,4,0,14,0,0,2,1,0,2,7,6,0,0,16,0,0,71,1,0
Brian Yarno,Washington Huskies,roster,DT,JR,77,"6'3""",300,yes,0,0,65,62,72,59,65,65,59,62,65,72,80,86,40,40,59,52,48,40,40,7708,65535,77,2516,65535,Brian,Yarno,140,0,14,0,0,0,7,0,0,0,0,6,0,11,0,0,0,1,0,5,0,3,6,7,7,18,10,3,2,0,4,5,0,10,0,0,77,7,2,2,2,0,0,0,0,0,61,0,7,0,0,5,2,0,10,7,5,0,0,12,0,0,75,1,0
Blake Brown,Washington Huskies,roster,DT,FR,90,"6'3""",275,yes,0,0,76,62,82,52,78,62,40,52,59,85,90,92,40,40,52,48,52,40,40,7709,65535,198,198,65535,Blake,Brown,115,0,22,0,0,0,13,0,7,0,0,6,1,22,0,0,0,1,0,4,0,4,3,6,0,24,17,2,3,1,2,3,2,3,3,0,90,11,2,2,0,0,0,0,0,0,0,4,5,0,0,0,0,0,15,12,3,0,0,12,5,5,75,1,0
Andy O'Neill,Washington Huskies,roster,DT,SR,91,"6'5""",285,yes,0,0,87,70,84,84,72,68,40,40,65,82,78,85,40,40,40,40,40,40,40,7710,65535,712,712,65535,Andy,O'Neill,125,0,13,10,10,0,10,0,7,0,0,9,2,22,1,1,0,1,0,4,0,1,0,8,7,17,15,0,0,0,4,0,0,5,0,0,91,8,2,2,2,0,0,0,0,0,60,14,7,0,0,0,3,0,16,19,16,0,0,12,0,0,77,1,0
Tim Callahan,Washington Huskies,roster,DT,JR,93,"6'3""",290,yes,0,0,80,59,84,76,65,62,40,40,48,82,72,80,40,40,40,59,59,40,40,7711,65535,221,221,65535,Tim,Callahan,130,0,10,0,0,0,7,0,7,0,0,5,2,18,0,0,0,1,0,5,0,3,0,6,7,14,15,5,5,0,4,0,0,12,0,0,93,14,2,2,2,0,0,0,0,0,58,7,2,0,0,0,2,0,16,14,12,0,0,12,8,8,75,1,0
Darius Whitaker,Washington Huskies,roster,DT,SO,94,"6'6""",335,yes,0,0,80,52,94,70,56,52,52,52,62,85,80,90,40,40,48,56,62,40,40,7712,65535,976,976,65535,Darius,Whitaker,175,0,14,0,0,0,4,0,2,0,0,3,2,23,0,0,0,2,0,5,0,1,3,3,3,22,17,4,6,0,4,2,2,15,0,0,94,25,2,2,2,0,0,0,0,0,25,7,6,0,0,3,1,0,26,14,9,0,0,12,5,5,78,1,0
Jonathon Williams,Washington Huskies,roster,DT,JR,95,"6'6""",295,yes,0,0,76,62,86,65,68,56,40,40,65,80,80,80,40,40,40,40,40,40,40,7713,65535,985,985,65535,Jonathon,Williams,135,0,14,0,0,0,8,0,4,0,0,6,2,16,0,0,0,1,0,4,0,1,0,4,1,14,14,0,0,1,2,0,1,12,3,0,95,16,2,2,2,0,0,0,0,0,8,4,7,0,0,0,2,0,18,12,7,0,0,12,0,0,78,1,0
Marcus Greene,Washington Huskies,roster,DT,SR,98,"6'5""",290,yes,0,0,80,56,88,78,59,56,40,40,52,84,76,88,40,40,40,72,76,40,40,7714,65535,426,426,65535,Marcus,Greene,130,0,12,0,0,0,5,0,5,0,0,4,2,18,0,0,0,1,0,4,0,1,0,4,1,20,16,10,12,0,10,0,1,1,0,0,98,21,2,2,0,0,0,0,0,0,13,7,3,0,0,0,3,0,20,14,13,0,0,12,0,0,77,2,0
Stephen Reid,Washington Huskies,roster,FB,SR,43,"5'10""",240,yes,0,0,78,68,76,72,72,68,59,56,62,70,88,85,40,40,65,62,65,40,40,7715,65535,777,777,65535,Stephen,Reid,80,0,20,0,0,0,10,0,7,0,0,8,2,20,0,0,0,0,0,3,0,0,4,8,7,17,9,6,7,0,4,7,0,5,0,0,43,2,2,2,2,0,0,0,0,0,60,2,6,1,0,5,3,0,12,13,10,0,0,2,0,0,70,1,0
Jason Brady,Washington Huskies,roster,FB,SO,49,"6'1""",225,yes,0,0,80,76,70,68,78,74,62,56,78,56,88,85,40,40,78,56,62,40,40,7716,65535,1084,1084,65535,Jason,Brady,65,0,20,0,0,0,13,0,5,0,0,12,2,16,0,0,0,1,0,4,0,3,4,11,0,17,4,4,6,0,4,13,2,3,0,0,49,19,2,2,0,0,0,0,0,0,5,3,13,1,0,6,1,0,9,14,8,0,0,2,0,0,73,1,0
Kellen Taylor,Washington Huskies,roster,FS,JR,3,"6'6""",215,yes,0,0,74,82,72,62,84,82,62,62,92,65,85,84,40,40,59,40,40,40,40,7717,65535,904,904,65535,Kellen,Taylor,55,0,17,0,0,0,16,0,1,0,0,15,2,19,0,0,0,0,0,0,0,3,6,15,4,16,7,0,0,0,2,5,2,12,0,0,3,13,2,2,0,0,0,0,0,0,36,1,24,0,0,6,2,0,10,11,6,0,0,17,0,0,78,1,0
Brad Taylor,Washington Huskies,roster,FS,SR,8,"6'2""",195,yes,0,0,87,88,68,80,89,87,44,62,88,68,92,88,40,40,62,40,40,40,40,7718,65535,904,904,65535,Brad,Taylor,35,0,24,7,7,0,21,0,14,0,0,20,0,22,0,1,0,0,0,0,0,4,6,19,5,20,8,0,0,0,7,6,0,1,0,0,8,16,2,2,0,0,0,0,0,0,45,10,20,0,0,1,3,0,8,19,14,0,0,17,10,10,74,1,0
Jon Morris,Washington Huskies,roster,FS,SO,19,"6'2""",185,yes,0,0,78,87,62,70,88,86,52,52,87,68,88,85,40,40,48,40,44,40,40,7719,65535,677,677,65535,Jon,Morris,25,0,20,0,0,0,20,0,0,0,0,19,2,19,0,0,0,15,0,15,0,4,3,18,5,17,8,0,1,0,7,2,0,12,2,0,19,17,2,2,0,0,0,0,0,0,41,3,19,0,0,3,1,0,6,13,9,0,0,17,0,0,74,1,0
Gary Davis,Washington Huskies,roster,HB,JR,9,"6'0""",195,yes,1,1,84,89,65,76,90,89,78,70,74,40,88,89,40,40,80,48,48,40,40,7720,65535,298,2047,65535,Gary,Davis,35,0,20,0,0,0,22,0,0,0,1,21,2,18,0,1,0,15,0,15,0,3,9,21,5,21,0,2,2,0,1,14,0,7,0,0,9,17,0,0,0,1,0,0,0,0,45,9,11,2,0,13,2,0,7,16,12,0,0,1,0,0,72,1,0
Jonathan Amos,Washington Huskies,roster,HB,SR,22,"5'10""",215,yes,0,0,86,87,74,80,89,85,87,62,65,40,90,88,40,40,87,56,52,40,40,7721,65535,1033,1033,65535,Jonathan,Amos,55,0,22,10,10,0,21,0,5,0,0,19,2,20,0,0,0,0,0,1,0,0,6,17,5,20,0,4,3,0,9,19,0,7,0,0,22,7,2,2,0,0,0,0,0,0,42,11,7,0,0,19,3,0,11,18,14,0,0,1,5,5,70,1,0
Travis Stukes,Washington Huskies,roster,HB,FR,33,"5'11""",200,yes,0,0,76,90,68,56,91,88,74,68,68,40,82,88,40,40,74,40,40,40,40,7722,65535,33,2480,65535,Travis,Stukes,40,0,15,0,0,0,23,0,7,0,0,22,2,23,0,0,0,0,0,1,0,0,8,20,4,20,0,0,0,0,7,11,0,9,0,0,33,15,2,2,2,0,0,0,0,0,32,3,8,0,0,11,0,0,8,12,4,0,0,1,0,0,71,1,0
Joe Harrington,Washington Huskies,roster,K,FR,13,"6'0""",185,yes,0,0,84,52,44,80,48,52,40,40,40,40,92,90,56,56,40,40,40,93,84,7723,65535,449,449,65535,Joe,Harrington,25,4,24,0,0,16,2,0,4,0,0,3,2,22,0,0,0,0,0,0,0,4,0,3,0,22,0,0,0,0,1,0,1,5,0,0,13,15,0,0,0,0,0,0,0,4,2,0,0,0,0,0,0,25,1,16,14,0,0,19,0,0,72,1,0
Kevin Rayner,Washington Huskies,roster,K,JR,14,"5'8""",185,yes,0,0,84,52,44,86,48,52,40,40,40,40,92,90,65,52,40,40,40,90,86,7724,65535,14,2432,65535,Kevin,Rayner,25,3,24,0,0,18,2,0,4,0,0,3,2,22,0,0,0,1,0,0,0,5,0,3,1,22,0,0,0,0,5,0,4,5,0,0,14,13,0,0,0,0,0,0,0,7,11,0,0,0,0,0,2,22,1,16,18,0,0,19,0,0,68,1,0
Daniel Harrison,Washington Huskies,roster,LE,FR,66,"6'4""",235,yes,0,0,80,74,68,70,78,72,40,40,59,80,76,80,40,40,40,40,40,40,40,7725,65535,451,451,65535,Daniel,Harrison,75,0,12,0,0,0,13,0,5,0,0,11,2,22,0,0,0,0,0,3,0,2,0,10,7,14,14,0,0,0,4,0,0,1,0,0,66,0,2,2,0,0,0,0,0,0,56,6,5,0,0,0,0,0,8,14,9,0,0,10,0,0,76,2,0
Josh Nunez,Washington Huskies,roster,LE,SO,92,"6'5""",245,yes,0,0,82,76,68,76,80,76,40,40,59,78,76,80,40,40,40,40,40,40,40,7726,65535,1892,1811,65535,Josh,Nunez,85,0,12,0,0,0,14,0,5,0,0,12,2,22,0,0,0,0,0,3,0,2,0,12,1,14,13,0,0,0,4,0,4,1,0,0,92,0,2,2,0,0,0,0,0,0,11,7,5,0,0,0,1,0,8,15,12,0,0,10,0,0,77,2,0
Jeff Parker,Washington Huskies,roster,LE,FR,99,"6'4""",255,yes,0,0,78,74,74,48,80,80,52,52,72,76,80,88,40,40,48,48,48,40,40,7727,65535,724,724,65535,Jeff,Parker,95,0,14,0,0,0,14,0,7,0,0,11,1,20,0,0,0,0,0,3,0,2,3,14,6,20,12,2,2,0,2,2,0,6,3,0,99,0,2,2,2,0,0,0,0,0,51,4,10,0,0,3,0,0,11,13,2,0,0,10,5,5,76,1,0
Jerome Banks,Washington Huskies,roster,LG,SO,73,"6'2""",285,yes,0,0,68,52,86,56,56,52,40,40,40,40,76,82,40,40,40,80,80,40,40,7728,65535,140,140,65535,Jerome,Banks,125,0,12,0,0,0,4,0,4,0,0,3,2,17,0,1,0,3,0,3,0,1,0,3,0,15,0,14,14,0,4,0,4,6,0,0,73,15,2,2,2,0,0,0,0,0,2,0,0,0,0,0,1,0,18,8,4,0,0,6,0,0,74,1,0
Neal Halterman,Washington Huskies,roster,LG,SR,74,"6'4""",310,yes,1,1,82,52,90,78,56,52,40,40,44,74,74,84,40,40,40,85,87,40,40,7729,65535,74,2301,65535,Neal,Halterman,150,0,11,0,0,0,4,0,5,0,1,3,2,24,0,0,0,3,0,4,0,0,0,3,4,16,11,17,19,0,2,0,0,2,3,0,74,14,2,2,2,1,0,0,0,0,34,6,1,2,0,0,3,0,22,15,13,0,0,6,5,5,76,1,0
Brad Jones,Washington Huskies,roster,LOLB,JR,20,"6'2""",220,yes,0,0,76,82,70,68,84,80,40,56,76,72,80,84,40,40,48,40,40,40,40,7730,65535,530,530,65535,Brad,Jones,60,0,14,0,0,0,16,0,5,0,0,15,2,17,0,0,0,0,0,3,0,3,4,14,0,16,10,0,0,0,9,2,3,9,0,0,20,20,2,2,0,0,0,0,0,0,3,3,12,1,0,0,2,0,9,12,8,0,0,13,0,0,74,1,0
Will Harper,Washington Huskies,roster,LOLB,JR,34,"6'1""",225,yes,0,0,74,74,72,70,78,74,44,52,52,80,86,87,40,40,56,40,40,40,40,7731,65535,448,448,65535,Will,Harper,65,0,18,0,0,0,13,0,0,0,0,11,1,19,0,0,0,0,0,3,0,2,3,11,5,19,14,0,0,0,9,4,0,10,0,0,34,14,2,2,2,0,0,0,0,0,42,1,3,0,0,1,2,0,10,11,9,0,0,13,5,5,73,1,0
A.J. Smith,Washington Huskies,roster,LOLB,SR,35,"6'1""",230,yes,0,0,86,78,76,86,80,78,40,48,68,85,92,89,40,40,52,40,40,40,40,7732,65535,858,858,65535,A.J.,Smith,70,0,24,10,10,0,14,0,5,0,0,13,2,20,0,0,0,0,0,3,0,2,2,13,7,21,17,0,0,0,9,3,0,1,0,0,35,13,2,2,0,0,0,0,0,0,57,9,8,0,0,0,3,0,12,18,18,0,0,13,1,5,73,1,0
E.J. Zeppuhar,Washington Huskies,roster,LT,SO,76,"6'3""",335,yes,1,1,76,48,92,70,48,44,40,40,40,76,74,82,40,40,40,82,87,40,40,7733,65535,76,2517,65535,E.J.,Zeppuhar,175,0,11,0,0,0,2,0,2,0,1,2,2,20,0,0,0,4,0,3,0,15,0,1,5,15,12,15,19,1,4,0,0,3,0,0,76,14,2,2,2,1,0,0,0,0,44,4,0,2,0,0,1,0,24,12,9,0,0,5,0,0,75,1,0
Jason Williams,Washington Huskies,roster,LT,FR,79,"6'6""",290,yes,0,0,70,52,88,65,52,52,44,44,62,40,78,80,40,40,40,78,82,40,40,7734,65535,985,985,65535,Jason,Williams,130,0,13,0,0,0,3,0,2,0,0,3,2,15,0,1,0,3,0,3,0,1,1,3,4,14,0,13,15,0,4,0,0,4,0,0,79,14,2,2,2,0,0,0,0,0,34,1,6,0,0,1,0,0,20,9,7,0,0,5,0,0,78,1,0
Corey Willis,Washington Huskies,roster,MLB,SR,47,"6'2""",215,yes,0,0,76,78,68,78,82,78,40,52,59,78,85,87,40,40,56,40,40,40,40,7735,65535,987,987,65535,Corey,Willis,55,0,17,0,0,0,15,0,5,0,0,13,0,17,0,1,0,0,0,3,0,3,3,13,3,19,13,0,0,1,11,4,2,8,0,0,47,19,2,2,2,0,0,0,0,0,26,5,5,0,0,0,3,0,8,12,13,0,0,14,0,0,74,1,0
Monte Blankenship,Washington Huskies,roster,MLB,SO,57,"6'2""",230,yes,0,0,65,76,68,65,80,76,40,52,56,74,80,85,40,40,56,40,40,40,40,7736,65535,1068,1068,65535,Monte,Blankenship,70,0,14,0,0,0,14,0,5,0,0,12,2,17,0,1,0,0,0,3,0,3,3,12,7,17,11,0,0,0,11,4,0,8,0,0,57,19,2,2,2,0,0,0,0,0,62,0,4,1,0,0,1,0,8,7,7,0,0,14,0,0,74,1,0
Ken Fellows,Washington Huskies,roster,P,SR,17,"6'1""",215,yes,0,0,92,65,52,84,68,68,40,40,40,40,90,90,65,56,40,40,40,92,88,7737,65535,17,2263,65535,Ken,Fellows,55,4,22,10,10,20,8,0,7,0,0,7,0,24,0,0,0,0,0,0,0,5,0,8,0,22,0,0,0,0,1,0,1,4,0,0,17,11,0,0,0,0,0,0,0,7,0,1,0,0,0,0,3,24,3,24,16,0,0,20,0,0,73,2,0
Spencer Douglas,Washington Huskies,roster,QB,FR,2,"6'3""",210,yes,0,0,78,82,68,52,86,84,68,62,76,65,94,94,91,82,68,52,56,40,40,7738,65535,318,318,65535,Spencer,Douglas,50,15,26,0,0,0,18,0,7,0,0,15,1,22,0,0,0,0,0,0,0,0,6,16,1,26,7,3,4,0,9,8,2,6,0,0,2,20,0,0,0,0,0,0,0,23,9,5,12,0,0,8,0,0,8,13,3,0,4,0,5,5,75,1,0
Brian Dean,Washington Huskies,roster,QB,SR,4,"6'3""",205,yes,1,1,84,88,59,74,90,87,65,80,87,40,92,89,89,78,65,40,40,40,40,7739,65535,301,301,65535,Brian,Dean,45,13,24,0,0,0,22,0,14,0,1,20,2,22,0,0,0,15,0,0,0,4,14,19,5,21,0,0,0,0,9,7,0,1,0,0,4,24,0,0,0,1,0,0,0,21,43,13,19,2,0,7,3,0,5,16,11,0,1,0,1,0,75,2,0
Sean Cochran,Washington Huskies,roster,QB,SR,10,"6'2""",225,yes,0,0,76,59,62,76,62,59,65,62,62,62,87,88,84,82,48,40,40,40,40,7740,65535,1142,1142,65535,Sean,Cochran,65,15,19,0,0,0,6,0,4,0,0,5,2,17,0,0,0,0,0,0,0,0,6,5,0,20,6,0,0,0,1,2,4,2,3,0,10,7,0,0,0,0,0,0,0,16,6,4,6,0,0,7,3,0,6,12,12,0,4,0,1,0,74,1,0
Jason Sanders,Washington Huskies,roster,QB,JR,11,"6'3""",200,yes,0,0,84,78,52,74,80,76,62,52,65,40,88,90,87,84,52,40,40,40,40,7741,65535,819,819,65535,Jason,Sanders,40,16,20,0,0,0,14,0,7,0,0,13,2,20,0,1,0,15,0,0,0,4,3,12,0,22,0,0,0,0,1,3,2,2,0,0,11,17,0,0,0,0,0,0,0,19,5,11,7,0,0,6,2,0,3,16,11,0,1,0,1,0,75,2,0
Sean Knox,Washington Huskies,roster,QB,JR,12,"6'4""",215,yes,0,0,82,62,62,76,65,62,59,48,65,62,90,87,90,84,52,40,40,40,40,7742,65535,551,551,65535,Sean,Knox,55,16,22,0,0,0,7,0,7,0,0,6,2,22,0,1,0,0,0,0,0,0,2,6,0,19,6,0,0,0,2,3,2,2,0,0,12,7,0,0,0,0,0,0,0,22,6,8,7,0,0,5,2,0,6,15,12,0,4,0,1,5,76,1,0
Tyler Gorman,Washington Huskies,roster,RE,JR,7,"6'2""",245,yes,0,0,84,78,74,72,80,74,40,48,72,76,82,90,40,40,40,40,40,40,40,7743,65535,1268,1268,65535,Tyler,Gorman,85,0,15,2,2,0,14,0,5,0,0,13,0,22,0,1,0,1,0,4,0,4,2,11,1,22,12,0,0,2,4,0,4,1,0,0,7,0,2,2,0,0,0,0,0,0,11,9,10,0,0,0,2,0,11,16,10,0,0,11,5,5,74,2,0
Chad Vincent,Washington Huskies,roster,RE,SR,41,"6'3""",245,yes,0,0,80,76,70,74,78,76,40,40,59,72,80,82,40,40,40,40,40,40,40,7744,65535,1583,1583,65535,Chad,Vincent,85,0,14,0,0,0,13,0,13,0,0,12,2,20,0,1,0,1,0,4,0,4,0,12,7,15,10,0,0,0,4,0,0,1,0,0,41,0,2,2,0,0,0,0,0,0,56,6,5,0,0,0,3,0,9,14,11,0,0,11,5,5,75,1,0
Elliott Buckley,Washington Huskies,roster,RE,JR,85,"6'6""",225,yes,0,0,72,70,72,68,72,72,40,40,48,68,68,70,40,40,40,40,40,40,40,7745,65535,1094,1094,65535,Elliott,Buckley,65,0,8,0,0,0,10,0,7,0,0,9,1,18,0,0,0,0,0,3,0,2,0,10,5,9,8,0,0,1,10,0,0,1,0,0,85,0,2,2,0,0,0,0,0,0,45,1,2,0,0,0,2,0,10,10,8,0,0,11,0,0,78,2,0
Kelvin Holley,Washington Huskies,roster,RG,JR,54,"6'3""",275,yes,0,0,78,48,86,80,52,52,40,40,40,65,76,88,40,40,40,85,85,40,40,7746,65535,485,485,65535,Kelvin,Holley,115,0,12,0,0,0,3,0,7,0,0,2,2,16,0,0,0,3,0,3,0,1,0,3,7,20,7,17,17,0,4,0,0,10,0,0,54,15,2,2,2,0,0,0,0,0,60,4,0,0,0,0,2,0,18,13,14,0,0,8,0,0,75,1,0
Justin Kiel,Washington Huskies,roster,RG,SR,63,"6'4""",300,yes,1,1,82,48,88,84,52,48,40,40,40,40,78,90,40,40,40,87,88,40,40,7747,65535,1815,1769,65535,Justin,Kiel,140,0,13,2,2,0,3,0,7,0,1,2,2,20,0,1,0,3,0,4,0,0,0,2,0,22,0,19,20,0,4,0,2,9,0,0,63,14,2,2,2,1,0,0,0,0,5,6,0,2,0,0,3,0,20,15,16,0,0,8,0,0,76,1,0
Steven Lindsey,Washington Huskies,roster,ROLB,FR,24,"6'2""",215,yes,0,0,74,78,68,68,80,76,40,52,56,76,80,85,40,40,56,40,40,40,40,7748,65535,579,579,65535,Steven,Lindsey,55,0,14,0,0,0,14,0,7,0,0,13,2,17,0,1,0,0,0,3,0,3,3,12,0,17,12,0,0,0,11,4,0,8,0,0,24,17,2,2,2,0,0,0,0,0,1,1,4,0,0,0,0,0,8,11,8,0,0,15,0,0,74,1,0
Paul Jackson,Washington Huskies,roster,ROLB,SO,29,"6'0""",195,yes,0,0,84,84,68,74,87,84,40,56,80,80,80,84,40,40,48,40,40,40,40,7749,65535,517,517,65535,Paul,Jackson,35,0,14,0,0,0,19,0,7,0,0,16,0,17,0,0,0,0,0,3,0,2,4,16,7,16,14,0,0,0,9,2,0,9,0,0,29,20,2,2,0,0,0,0,0,0,58,8,14,0,0,0,1,0,8,16,11,0,0,15,0,0,72,1,0
Kyle Johnson,Washington Huskies,roster,ROLB,FR,32,"6'2""",215,yes,0,0,76,80,70,59,85,80,48,62,72,80,87,86,40,40,56,52,56,40,40,7750,65535,528,528,65535,Kyle,Johnson,55,0,19,11,11,0,17,0,5,0,0,14,2,22,0,0,0,0,0,3,0,3,6,14,3,18,14,3,4,0,11,4,0,15,2,0,32,17,2,2,2,0,0,0,0,0,27,3,10,1,0,2,0,0,9,12,5,0,0,15,0,0,74,1,0
Eddie Frank,Washington Huskies,roster,RT,SO,72,"6'5""",315,yes,0,0,72,48,88,65,52,48,40,40,40,40,80,76,40,40,40,84,82,40,40,7751,65535,371,371,65535,Eddie,Frank,155,0,14,0,0,0,3,0,5,0,0,2,2,16,0,0,0,3,0,4,0,0,0,2,0,12,0,16,15,0,4,0,1,0,0,0,72,15,2,2,2,0,0,0,0,0,0,2,0,0,0,0,1,0,20,10,7,0,0,9,0,0,77,1,0
Paul Phillips,Washington Huskies,roster,RT,JR,75,"6'8""",300,yes,1,1,80,52,88,76,52,48,40,40,40,40,74,85,40,40,40,89,87,40,40,7752,65535,746,2117,65535,Paul,Phillips,140,0,11,0,0,0,3,0,7,0,1,3,2,19,0,0,0,3,0,4,0,0,0,2,1,17,0,21,19,1,4,0,2,0,0,0,75,15,2,2,2,1,0,0,0,0,10,7,0,2,0,0,2,0,20,14,12,0,0,9,0,0,80,1,0
Cedric Banks,Washington Huskies,roster,SS,SR,1,"6'0""",205,yes,0,0,88,86,68,86,88,86,65,59,86,74,90,90,40,40,68,40,40,40,40,7753,65535,140,140,65535,Cedric,Banks,45,0,22,10,10,0,20,0,5,0,0,18,0,19,0,0,0,0,0,0,0,4,5,18,5,22,11,0,0,0,11,8,0,12,2,0,1,14,2,2,0,0,0,0,0,0,45,10,18,0,0,7,3,0,8,20,18,0,0,18,5,5,72,1,0
Danny Perez,Washington Huskies,roster,SS,JR,15,"5'11""",200,yes,0,0,74,84,65,72,82,82,44,52,86,65,82,86,40,40,56,40,40,40,40,7754,65535,738,738,65535,Danny,Perez,40,0,15,0,0,0,15,0,5,0,0,16,1,17,0,0,0,0,0,0,0,3,3,15,4,18,7,0,0,0,2,4,0,1,2,0,15,15,2,2,2,0,0,0,0,0,32,1,18,0,0,1,2,0,7,11,10,0,0,18,0,0,71,1,0
Dan Miller,Washington Huskies,roster,SS,SR,48,"5'11""",210,yes,0,0,78,93,68,68,92,86,78,65,76,56,86,88,40,40,76,44,40,40,40,7755,65535,662,662,65535,Dan,Miller,50,0,18,0,0,0,24,0,0,0,0,25,2,20,0,0,0,0,0,0,0,3,7,18,4,20,4,1,0,0,9,12,0,15,0,0,48,21,2,2,0,0,0,0,0,0,35,3,12,1,0,13,3,0,8,13,8,1,0,18,0,0,71,1,0
John Soltis,Washington Huskies,roster,TE,SO,37,"6'3""",280,yes,0,1,78,70,76,68,68,70,62,62,70,40,84,85,40,40,68,65,70,40,40,7756,65535,37,2467,65535,John,Soltis,120,0,16,1,1,0,8,0,5,0,0,9,2,15,0,1,0,1,1,1,1,1,6,9,3,17,0,7,9,0,10,8,2,10,0,0,37,0,1,1,2,1,0,0,0,0,27,2,9,1,0,6,1,0,12,13,8,0,0,4,5,5,75,1,0
J.J. Sutherland,Washington Huskies,roster,TE,FR,82,"6'6""",230,yes,0,0,78,78,65,65,78,78,65,74,70,40,94,87,40,40,65,56,59,40,40,7757,65535,1559,1559,65535,J.J.,Sutherland,70,0,26,0,0,0,13,0,7,0,0,13,2,15,0,1,0,1,0,1,0,3,11,13,0,19,0,4,5,0,9,7,2,10,0,0,82,17,2,2,2,0,0,0,0,0,5,2,9,0,0,7,0,0,7,13,7,0,0,4,0,0,78,1,0
Derrick Leffew,Washington Huskies,roster,TE,SO,86,"6'5""",240,yes,0,0,68,68,68,56,72,68,59,65,62,40,84,84,40,40,62,59,62,40,40,7758,65535,1836,1779,65535,Derrick,Leffew,80,0,16,0,0,0,10,0,4,0,0,8,2,16,0,1,0,1,0,1,0,3,7,8,0,16,0,5,6,0,4,6,2,4,0,0,86,7,0,0,2,0,0,0,0,0,5,0,6,0,0,5,1,0,8,8,4,0,0,4,0,0,77,1,0
Markeith Tremblay,Washington Huskies,roster,TE,JR,88,"6'5""",230,yes,1,1,82,74,72,70,78,74,68,74,78,72,85,85,40,40,65,59,62,40,40,7759,65535,922,922,65535,Markeith,Tremblay,70,0,17,0,0,0,13,0,5,0,1,11,2,19,0,0,0,1,0,1,0,3,11,11,4,17,10,5,6,0,9,7,0,7,2,0,88,12,2,2,2,1,0,0,0,0,38,4,13,3,0,8,2,0,10,15,9,0,0,4,5,5,77,1,0
Henry Thornton,Washington Huskies,roster,WR,JR,5,"5'11""",185,yes,1,1,78,87,56,76,89,89,68,74,84,40,86,87,40,40,65,48,48,40,40,7760,65535,1567,1567,65535,Henry,Thornton,25,0,18,10,10,0,21,0,5,0,1,19,2,19,0,0,0,15,0,15,0,4,11,21,3,19,0,2,2,0,7,7,0,14,0,0,5,14,2,2,0,1,0,0,0,0,30,4,16,2,0,8,2,0,4,13,12,0,0,3,5,5,71,1,0
Glenn Jenkins,Washington Huskies,roster,WR,JR,18,"6'2""",190,yes,1,0,82,89,52,78,89,88,52,82,90,40,91,91,40,40,52,40,44,40,40,7761,65535,524,524,65535,Glenn,Jenkins,30,0,23,0,0,0,21,0,5,0,1,21,2,19,0,0,0,15,0,15,0,4,15,20,5,23,0,0,1,0,2,3,0,2,0,0,18,16,2,2,0,0,0,0,0,0,46,7,22,1,0,3,2,0,3,15,13,0,0,3,0,0,74,2,0
Eric Smith,Washington Huskies,roster,WR,SR,21,"6'2""",180,yes,1,1,82,88,48,84,90,90,56,84,88,40,90,88,40,40,48,40,44,40,40,7762,65535,858,858,65535,Eric,Smith,20,0,22,10,10,0,22,0,5,0,1,20,0,20,0,0,0,15,0,15,0,4,16,22,4,20,0,0,1,0,11,2,0,13,0,0,21,16,2,2,0,1,0,0,0,0,34,7,20,2,0,4,3,0,2,15,16,0,0,3,0,0,74,1,0
Fred Foster,Washington Huskies,roster,WR,JR,80,"6'3""",235,yes,0,0,78,88,74,65,88,84,68,78,89,59,84,86,40,40,72,48,56,40,40,7763,65535,366,366,65535,Fred,Foster,75,0,16,7,7,0,20,0,7,0,0,20,0,20,0,0,0,0,0,15,0,2,13,16,5,18,5,2,4,0,1,10,0,11,3,0,80,20,2,2,0,0,0,0,0,0,45,4,21,0,0,8,2,0,11,13,7,0,0,3,5,5,75,1,0
Julian Stevenson,Washington Huskies,roster,WR,JR,83,"6'0""",195,yes,0,0,76,89,48,70,86,87,62,80,87,40,89,87,40,40,44,40,48,40,40,7764,65535,885,885,65535,Julian,Stevenson,35,0,21,0,0,0,18,0,5,0,0,21,2,20,0,0,0,0,0,0,0,1,14,19,4,19,0,0,2,0,11,1,0,11,0,0,83,15,2,2,0,0,0,0,0,0,37,3,19,0,0,6,2,0,2,12,9,0,0,3,0,0,72,1,0
Trent Concepcion,Washington Huskies,roster,WR,SR,87,"6'0""",195,yes,0,0,78,86,52,78,87,87,48,78,85,40,85,90,40,40,52,40,48,40,40,7765,65535,87,2223,65535,Trent,Concepcion,35,0,17,0,0,0,19,0,5,0,0,18,0,18,0,1,0,0,0,0,0,1,13,19,5,22,0,0,2,0,1,3,0,13,0,0,87,16,2,2,0,0,0,0,0,0,43,4,17,0,0,2,3,0,3,13,13,0,0,3,0,0,72,1,0
Johnnie Moore,Washington Huskies,roster,WR,JR,89,"6'0""",185,yes,0,0,78,86,48,68,88,86,59,84,88,40,90,90,40,40,52,40,44,40,40,7766,65535,674,2101,65535,Johnnie,Moore,25,0,22,0,0,0,20,0,5,0,0,18,2,24,0,1,0,15,0,15,0,4,16,18,0,22,0,0,1,0,7,3,1,11,0,0,89,18,2,2,0,0,0,0,0,0,6,4,20,0,0,5,2,0,2,13,8,0,0,3,0,0,72,1,0
C #60,E Washington Eagles,generated,C,SR,60,"6'1""",260,no,0,0,48,44,72,48,48,44,40,40,40,40,72,76,40,40,40,65,70,40,40,13790,65535,60,60,65535,,C #60,100,0,10,0,0,0,2,0,7,0,0,1,2,13,0,0,0,3,0,3,0,1,0,1,0,12,0,7,9,0,4,0,2,7,0,0,60,14,0,0,0,0,0,0,0,0,5,2,0,0,0,0,3,0,10,2,2,0,0,7,0,0,73,1,7
C #53,E Washington Eagles,generated,C,SO,53,"6'2""",255,no,0,0,44,44,65,44,48,48,40,40,40,40,68,87,40,40,40,65,68,40,40,13791,65535,53,53,65535,,C #53,95,0,8,0,0,0,2,0,4,0,0,1,2,9,0,0,0,3,0,3,0,1,0,2,0,19,0,7,8,0,4,0,0,9,0,0,53,14,0,0,0,0,0,0,0,0,2,0,0,0,0,0,1,0,7,1,1,0,0,7,0,0,74,1,4
CB #36,E Washington Eagles,generated,CB,SR,36,"5'7""",160,no,1,1,76,90,40,70,90,87,44,72,76,40,85,74,40,40,40,40,40,40,40,13792,65535,36,36,65535,,CB #36,0,0,17,0,0,0,22,0,1,0,1,22,2,20,0,0,0,15,0,15,0,4,10,19,5,11,0,0,0,0,2,0,0,0,0,0,36,29,0,0,0,1,0,0,0,0,46,31,12,2,0,1,3,0,0,12,9,0,0,16,0,0,67,1,18
CB #29,E Washington Eagles,generated,CB,SR,29,"5'9""",165,no,1,1,59,82,40,59,80,78,44,48,78,44,88,84,40,40,40,40,40,40,40,13793,65535,29,29,65535,,CB #29,5,0,20,0,0,0,14,0,5,0,1,15,2,15,0,0,0,15,0,15,0,4,2,13,5,16,1,0,0,0,2,0,0,15,0,0,29,18,0,0,0,1,0,0,0,0,43,8,13,2,0,1,3,0,0,5,5,0,0,16,0,0,69,1,18
CB #24,E Washington Eagles,generated,CB,JR,24,"5'9""",185,no,0,0,52,76,40,56,76,70,40,48,72,44,78,78,40,40,40,40,40,40,40,13794,65535,24,24,65535,,CB #24,25,0,13,0,0,0,12,0,7,0,0,12,2,12,0,0,0,15,0,15,0,4,2,9,4,13,1,0,0,0,2,0,0,12,0,0,24,14,0,0,0,0,0,0,0,0,38,3,10,1,0,0,2,0,0,3,4,0,0,16,0,0,69,1,7
CB #22,E Washington Eagles,generated,CB,SO,22,"5'8""",190,no,0,0,48,72,40,52,76,70,44,44,62,48,70,80,40,40,40,40,40,40,40,13795,65535,22,22,65535,,CB #22,30,0,9,0,0,0,12,0,0,0,0,10,2,12,0,0,0,0,0,0,0,3,1,9,6,14,2,0,0,0,2,0,0,14,0,0,22,10,0,0,0,0,0,0,0,0,49,1,6,1,0,1,1,0,0,2,3,0,0,16,0,0,68,1,4
CB #26,E Washington Eagles,generated,CB,SR,26,"5'11""",195,no,0,0,48,74,40,52,76,70,44,44,62,48,70,80,40,40,40,40,40,40,40,13796,65535,26,26,65535,,CB #26,35,0,9,0,0,0,12,0,0,0,0,11,2,12,0,0,0,0,0,0,0,3,1,9,6,14,2,0,0,0,2,0,0,14,0,0,26,11,0,0,0,0,0,0,0,0,53,1,6,0,0,1,3,0,0,2,3,0,0,16,0,0,71,1,4
DT #57,E Washington Eagles,generated,DT,SR,57,"6'2""",300,no,1,1,44,48,65,52,52,40,40,40,40,62,70,78,40,40,40,40,40,40,40,13797,65535,57,57,65535,,DT #57,140,0,9,0,0,0,3,0,7,0,1,2,0,11,0,0,0,1,0,5,0,3,0,0,4,13,6,0,0,0,10,0,0,0,0,0,57,18,0,0,0,1,0,0,0,0,32,2,0,2,0,0,3,0,7,1,3,0,0,12,0,0,74,1,10
DT #90,E Washington Eagles,generated,DT,SR,90,"6'4""",260,no,0,0,59,68,56,68,68,62,40,48,72,68,78,80,40,40,44,40,52,40,40,13798,65535,90,90,65535,,DT #90,100,0,13,0,0,0,8,0,2,0,0,8,0,12,0,0,0,0,0,3,0,2,2,6,4,14,8,0,3,0,10,1,0,15,0,0,90,1,0,0,0,0,0,0,0,0,36,14,10,0,0,0,3,0,4,5,8,0,0,12,0,0,76,1,18
DT #93,E Washington Eagles,generated,DT,JR,93,"6'0""",290,no,0,0,40,52,56,48,52,48,40,40,40,56,82,76,40,40,40,40,40,40,40,13799,65535,93,93,65535,,DT #93,130,0,15,0,0,0,3,0,4,0,0,3,0,9,0,0,0,1,0,5,0,3,0,2,0,12,4,0,0,0,10,0,2,15,0,0,93,11,0,0,0,0,0,0,0,0,5,0,0,0,0,0,2,0,4,0,2,0,0,12,0,0,72,1,2
DT #98,E Washington Eagles,generated,DT,SO,98,"6'2""",235,no,0,0,40,52,56,48,52,48,40,40,40,56,82,76,40,40,40,40,40,40,40,13800,65535,98,98,65535,,DT #98,75,0,15,0,0,0,3,0,4,0,0,3,0,9,0,0,0,1,0,4,0,4,0,2,7,12,4,0,0,0,10,0,2,15,0,0,98,11,0,0,0,0,0,0,0,0,59,0,0,0,0,0,1,0,4,0,2,0,0,12,0,0,74,1,2
FB #44,E Washington Eagles,generated,FB,SR,44,"5'11""",215,no,0,0,44,72,52,40,74,68,62,52,65,40,72,78,40,40,48,40,44,40,40,13801,65535,44,44,65535,,FB #44,55,0,10,0,0,0,11,0,7,0,0,10,2,9,0,0,0,0,0,1,0,0,3,8,1,13,0,0,1,0,2,2,2,6,2,0,44,23,0,0,0,0,0,0,0,0,13,0,7,0,0,6,3,0,3,1,0,0,0,2,0,0,71,1,6
FB #41,E Washington Eagles,generated,FB,FR,41,"5'11""",210,no,0,0,44,72,52,40,74,68,62,52,65,40,72,78,40,40,48,40,44,40,40,13802,65535,41,41,65535,,FB #41,50,0,10,0,0,0,11,0,7,0,0,10,0,9,0,0,0,0,0,1,0,0,3,8,4,13,0,0,1,0,2,2,0,6,2,0,41,23,0,0,0,0,0,0,0,0,37,0,7,0,0,6,0,0,3,1,0,0,0,2,0,0,71,1,6
FS #19,E Washington Eagles,generated,FS,JR,19,"6'2""",210,no,1,1,62,76,44,62,76,70,44,62,78,56,85,80,40,40,40,40,40,40,40,13803,65535,19,19,65535,,FS #19,50,0,17,0,0,0,12,0,7,0,1,12,2,12,0,0,0,0,0,0,0,4,6,9,6,14,4,0,0,0,1,0,0,13,0,0,19,18,0,0,0,1,0,0,0,0,51,9,13,2,0,1,2,0,1,6,6,0,0,17,0,0,74,1,20
FS #28,E Washington Eagles,generated,FS,JR,28,"6'2""",210,no,0,0,48,65,44,48,70,68,44,48,76,52,74,72,40,40,40,40,40,40,40,13804,65535,28,28,65535,,FS #28,50,0,11,0,0,0,9,0,2,0,0,7,2,13,0,0,0,0,0,0,0,4,2,8,5,10,3,0,0,0,1,0,0,13,0,0,28,15,0,0,0,0,0,0,0,0,46,0,12,1,0,1,2,0,1,2,2,0,0,17,0,0,74,1,2
HB #32,E Washington Eagles,generated,HB,JR,32,"6'1""",220,no,0,0,52,68,56,56,68,72,62,56,65,40,80,80,40,40,62,40,44,40,40,13805,65535,32,32,65535,,HB #32,60,0,14,0,0,0,8,0,5,0,0,8,0,12,0,0,0,0,0,1,0,1,4,10,5,14,0,0,1,0,9,6,0,6,2,0,32,2,0,0,0,0,0,0,0,0,46,4,7,0,0,6,2,0,4,3,4,0,0,1,0,0,73,1,18
HB #34,E Washington Eagles,generated,HB,SO,34,"5'9""",220,no,0,0,56,80,48,68,76,80,56,56,56,40,76,74,40,40,52,40,40,40,40,13806,65535,34,34,65535,,HB #34,60,0,12,0,0,0,12,0,5,0,0,14,0,12,0,0,0,0,0,1,0,0,4,14,5,11,0,0,0,0,9,3,0,6,2,0,34,19,0,0,0,0,0,0,0,0,46,8,4,0,0,4,1,0,2,4,8,0,0,1,0,0,69,1,16
HB #30,E Washington Eagles,generated,HB,JR,30,"5'7""",190,no,0,0,56,76,56,62,74,72,62,56,65,40,80,80,40,40,62,40,44,40,40,13807,65535,30,30,65535,,HB #30,30,0,14,0,0,0,11,0,5,0,0,12,0,12,0,0,0,0,0,0,0,3,4,10,5,14,0,0,1,0,9,6,0,6,2,0,30,8,0,0,0,0,0,0,0,0,44,8,7,0,0,6,2,0,4,4,6,0,0,1,0,0,67,1,18
K #13,E Washington Eagles,generated,K,JR,13,"6'1""",195,no,0,0,52,44,40,68,44,40,40,40,40,40,80,87,59,56,40,40,40,78,76,13808,65535,13,13,65535,,K #13,35,4,14,0,0,12,1,0,7,0,0,1,2,9,0,0,0,0,0,0,0,5,0,0,0,19,0,0,0,0,5,0,2,5,0,0,13,23,0,0,0,0,0,0,0,5,5,0,0,0,0,0,2,13,0,3,8,0,0,19,0,0,73,1,4
LE #92,E Washington Eagles,generated,LE,JR,92,"6'2""",250,no,1,1,62,68,56,68,68,62,40,48,72,68,78,80,40,40,44,40,52,40,40,13809,65535,92,92,65535,,LE #92,90,0,13,0,0,0,8,0,2,0,1,8,0,12,0,0,0,1,0,4,0,4,2,6,4,14,8,0,3,0,4,1,0,15,0,0,92,1,0,0,0,1,0,0,0,0,34,12,10,2,0,0,2,0,4,6,8,0,0,10,0,0,74,1,18
LE #85,E Washington Eagles,generated,LE,JR,85,"6'4""",235,no,0,0,56,62,56,62,65,62,40,48,72,62,78,80,40,40,44,40,52,40,40,13810,65535,85,85,65535,,LE #85,75,0,13,0,0,0,7,0,7,0,0,6,0,12,0,0,0,0,0,3,0,2,2,6,0,14,6,0,3,0,4,1,2,15,0,0,85,1,0,0,0,0,0,0,0,0,6,6,10,0,0,0,2,0,4,4,6,0,0,10,0,0,76,1,18
LG #66,E Washington Eagles,generated,LG,SO,66,"6'3""",285,no,0,0,59,48,74,65,48,40,40,40,40,40,68,76,40,40,40,74,74,40,40,13811,65535,66,66,65535,,LG #66,125,0,8,0,0,0,2,0,7,0,0,2,2,9,0,0,0,3,0,3,0,1,0,0,0,12,0,11,11,1,10,0,2,5,0,0,66,15,0,0,0,0,0,0,0,0,3,9,0,0,0,0,1,0,11,5,7,0,0,6,0,0,75,1,16
LG #64,E Washington Eagles,generated,LG,SO,64,"6'4""",265,no,0,0,48,44,76,52,40,40,40,40,40,40,70,76,40,40,40,68,68,40,40,13812,65535,64,64,65535,,LG #64,105,0,9,0,0,0,0,0,7,0,0,1,0,12,0,1,0,3,0,3,0,1,0,0,0,12,0,8,8,0,10,0,2,5,0,0,64,15,0,0,0,0,0,0,0,0,3,2,0,0,0,0,1,0,12,2,3,0,0,6,0,0,76,1,7
LOLB #40,E Washington Eagles,generated,LOLB,JR,40,"5'11""",215,no,1,1,52,65,52,62,68,65,44,52,68,59,76,76,40,40,40,40,40,40,40,13813,65535,40,40,65535,,LOLB #40,55,0,12,0,0,0,8,0,5,0,1,7,2,12,0,0,0,0,0,3,0,2,3,7,1,12,5,0,0,0,4,0,2,13,0,0,40,20,0,0,0,1,0,0,0,0,8,4,8,2,0,1,2,0,3,3,6,0,0,13,0,0,71,1,11
LOLB #41,E Washington Eagles,generated,LOLB,FR,41,"6'0""",215,no,0,0,48,62,48,52,62,68,40,48,68,62,68,78,40,40,40,40,40,40,40,13814,65535,41,41,65535,,LOLB #41,55,0,8,0,0,0,6,0,5,0,0,6,2,12,0,0,0,0,0,3,0,2,2,8,0,13,6,0,0,0,4,0,2,3,0,0,41,19,0,0,0,0,0,0,0,0,4,2,8,1,0,0,0,0,2,2,3,0,0,13,0,0,72,1,7
LT #77,E Washington Eagles,generated,LT,SO,77,"6'5""",280,no,0,0,62,44,76,68,48,48,40,40,40,40,78,80,40,40,40,76,76,40,40,13815,65535,77,77,65535,,LT #77,120,0,13,0,0,0,2,0,0,0,0,1,0,14,0,0,0,3,0,3,0,1,0,2,1,14,0,12,12,0,4,0,4,3,0,0,77,15,0,0,0,0,0,0,0,0,8,9,0,0,0,0,1,0,12,6,8,0,0,5,0,0,77,1,22
LT #79,E Washington Eagles,generated,LT,JR,79,"6'4""",280,no,0,0,48,44,70,59,40,48,40,40,40,40,62,56,40,40,40,65,65,40,40,13816,65535,79,79,65535,,LT #79,120,0,6,0,0,0,0,0,5,0,0,1,2,9,0,0,0,3,0,3,0,1,0,2,0,4,0,7,7,0,4,0,2,4,0,0,79,15,0,0,0,0,0,0,0,0,4,0,0,0,0,0,2,0,9,2,5,0,0,5,0,0,76,1,4
MLB #49,E Washington Eagles,generated,MLB,SR,49,"6'1""",230,no,1,1,52,68,56,62,65,62,48,56,40,68,84,76,40,40,40,40,40,40,40,13817,65535,49,49,65535,,MLB #49,70,0,16,0,0,0,7,0,7,0,1,8,0,14,0,0,0,0,0,3,0,2,4,6,0,12,8,0,0,0,11,0,2,12,0,0,49,18,0,0,0,1,0,0,0,0,1,4,0,2,0,2,3,0,4,3,6,0,0,14,0,0,73,1,10
MLB #54,E Washington Eagles,generated,MLB,FR,54,"6'1""",220,no,0,1,44,59,62,56,59,59,40,48,44,59,74,70,40,40,40,40,40,40,40,13818,65535,54,54,65535,,MLB #54,60,0,11,0,0,0,5,0,7,0,0,5,0,9,0,0,0,0,0,3,0,2,2,5,0,9,5,0,0,0,11,0,2,7,0,0,54,16,0,0,0,1,0,0,0,0,3,0,1,2,0,0,0,0,6,1,4,0,0,14,0,0,73,1,7
P #14,E Washington Eagles,generated,P,JR,14,"6'0""",215,no,0,0,74,44,40,78,44,40,40,40,40,40,99,87,65,56,40,40,40,85,84,13819,65535,14,14,65535,,P #14,55,4,31,0,0,16,1,0,7,0,0,1,2,9,0,0,0,0,0,0,0,5,0,0,0,19,0,0,0,0,5,0,2,5,0,0,14,15,0,0,0,0,0,0,0,7,5,1,0,1,0,0,2,17,0,11,13,0,0,20,0,0,72,1,4
QB #9,E Washington Eagles,generated,QB,SR,9,"6'2""",205,no,0,0,76,65,52,76,68,65,52,40,40,40,80,76,84,80,44,40,40,40,40,13820,65535,9,9,65535,,QB #9,45,14,14,0,0,0,8,0,7,0,0,7,2,12,0,1,0,15,0,0,0,4,0,7,0,12,0,0,0,0,8,1,2,5,1,0,9,11,0,0,0,0,0,0,0,16,3,31,0,0,0,3,3,0,3,12,12,0,1,0,0,0,74,1,20
QB #8,E Washington Eagles,generated,QB,SO,8,"6'3""",210,no,0,0,44,48,44,48,52,48,48,40,48,40,74,78,70,65,48,40,40,40,40,13821,65535,8,8,65535,,QB #8,50,7,11,0,0,0,3,0,7,0,0,2,2,9,0,0,0,0,0,0,0,0,0,2,0,13,0,0,0,0,8,2,2,10,1,0,8,7,0,0,0,0,0,0,0,9,4,0,2,0,0,2,1,0,1,1,2,0,4,0,0,0,75,1,6
QB #12,E Washington Eagles,generated,QB,FR,12,"6'3""",200,no,0,0,44,56,40,40,48,52,52,40,44,40,70,72,68,68,48,40,40,40,40,13822,65535,12,12,65535,,QB #12,40,8,9,0,0,0,2,0,7,0,0,4,2,9,0,0,0,15,0,0,0,4,0,3,0,10,0,0,0,0,8,2,2,4,1,0,12,10,0,0,0,0,0,0,0,8,2,0,1,0,0,3,0,0,0,1,0,0,1,0,0,0,75,1,7
RE #95,E Washington Eagles,generated,RE,SO,95,"6'2""",250,no,1,1,48,56,62,52,56,52,40,48,40,59,76,70,40,40,40,40,40,40,40,13823,65535,95,95,65535,,RE #95,90,0,12,0,0,0,4,0,7,0,1,4,0,10,0,0,0,1,0,4,0,4,2,3,0,9,5,0,0,0,10,0,2,11,0,0,95,10,0,0,0,1,0,0,0,0,4,1,0,2,0,0,1,0,6,2,3,0,0,11,0,0,74,1,10
RE #63,E Washington Eagles,generated,RE,SO,63,"5'11""",240,no,0,0,56,65,56,65,59,59,40,44,72,65,70,76,40,40,44,40,52,40,40,13824,65535,63,63,65535,,RE #63,80,0,9,0,0,0,5,0,7,0,0,7,0,11,0,0,0,1,0,4,0,4,1,5,0,12,7,0,3,0,10,1,2,15,0,0,63,5,0,0,0,0,0,0,0,0,4,6,10,0,0,0,1,0,4,4,7,0,0,11,0,0,71,1,10
RG #75,E Washington Eagles,generated,RG,SR,75,"6'1""",280,no,0,0,44,44,65,44,48,48,40,40,40,40,68,87,40,40,40,65,68,40,40,13825,65535,75,75,65535,,RG #75,120,0,8,0,0,0,2,0,4,0,0,1,2,9,0,0,0,3,0,3,0,1,0,2,0,19,0,7,8,0,4,0,0,9,0,0,75,14,0,0,0,0,0,0,0,0,5,0,0,0,0,0,3,0,7,1,1,0,0,8,0,0,73,1,4
RG #59,E Washington Eagles,generated,RG,JR,59,"6'2""",270,no,0,0,44,44,68,52,48,48,40,40,40,40,74,80,40,40,40,65,62,40,40,13826,65535,59,59,65535,,RG #59,110,0,11,0,0,0,2,0,7,0,0,1,2,8,0,0,0,3,0,3,0,1,0,2,0,14,0,7,6,0,4,0,2,2,0,0,59,15,0,0,0,0,0,0,0,0,3,0,0,0,0,0,2,0,8,1,3,0,0,8,0,0,74,1,6
ROLB #55,E Washington Eagles,generated,ROLB,SR,55,"6'1""",200,no,1,1,56,68,56,62,65,62,48,56,40,68,84,76,40,40,40,40,40,40,40,13827,65535,55,55,65535,,ROLB #55,40,0,16,0,0,0,7,0,7,0,1,8,0,14,0,0,0,0,0,3,0,2,4,6,0,12,8,0,0,0,4,0,2,12,0,0,55,16,0,0,0,1,0,0,0,0,5,7,0,2,0,2,3,0,4,4,6,0,0,15,0,0,73,1,10
ROLB #51,E Washington Eagles,generated,ROLB,FR,51,"5'11""",215,no,0,0,40,59,56,44,56,62,48,48,40,56,70,76,40,40,40,40,40,40,40,13828,65535,51,51,65535,,ROLB #51,55,0,9,0,0,0,4,0,7,0,0,5,2,14,0,0,0,0,0,3,0,2,2,6,0,12,4,0,0,0,4,0,2,12,0,0,51,17,0,0,0,0,0,0,0,0,3,0,0,1,0,2,0,0,4,0,1,0,0,15,0,0,71,1,2
RT #78,E Washington Eagles,generated,RT,JR,78,"6'4""",280,no,0,0,62,44,74,76,52,44,40,40,40,40,74,65,40,40,40,74,70,40,40,13829,65535,78,78,65535,,RT #78,120,0,11,0,0,0,3,0,4,0,0,1,2,12,0,0,0,3,0,3,0,1,0,1,0,7,0,11,9,0,4,0,2,12,0,0,78,15,0,0,0,0,0,0,0,0,3,9,0,0,0,0,2,0,11,6,12,0,0,9,0,0,76,1,22
RT #67,E Washington Eagles,generated,RT,FR,67,"6'3""",270,no,0,0,62,44,74,76,52,44,40,40,40,40,74,65,40,40,40,74,70,40,40,13830,65535,67,67,65535,,RT #67,110,0,11,0,0,0,3,0,4,0,0,1,2,12,0,0,0,3,0,3,0,1,0,1,0,7,0,11,9,0,4,0,2,12,0,0,67,15,0,0,0,0,0,0,0,0,6,9,0,0,0,0,0,0,11,6,12,0,0,9,0,0,75,1,22
SS #39,E Washington Eagles,generated,SS,JR,39,"5'10""",190,no,1,1,59,76,48,68,70,72,44,56,72,52,82,76,40,40,48,40,40,40,40,13831,65535,39,39,65535,,SS #39,30,0,15,0,0,0,9,0,5,0,1,12,2,13,0,0,0,0,0,0,0,3,4,10,4,12,3,0,0,0,7,2,0,12,0,0,39,17,0,0,0,1,0,0,0,0,38,7,10,3,0,1,2,0,2,5,8,0,0,18,0,0,70,1,10
SS #21,E Washington Eagles,generated,SS,SO,21,"6'1""",210,no,1,0,52,70,52,65,68,68,40,48,68,48,68,70,40,40,40,40,40,40,40,13832,65535,21,21,65535,,SS #21,50,0,8,0,0,0,8,0,5,0,1,9,2,6,0,0,0,0,0,0,0,4,2,8,5,9,2,0,0,0,7,0,0,4,0,0,21,16,0,0,0,0,0,0,0,0,44,3,8,2,0,0,1,0,3,3,7,0,0,18,0,0,73,1,6
TE #80,E Washington Eagles,generated,TE,SO,80,"6'0""",240,no,0,0,59,68,56,56,68,65,56,68,62,40,74,80,40,40,56,44,52,40,40,13833,65535,80,80,65535,,TE #80,80,0,11,0,0,0,8,0,5,0,0,8,0,16,0,0,0,0,0,1,0,0,8,7,0,14,0,1,3,0,9,4,2,1,0,0,80,21,0,0,0,0,0,0,0,0,4,5,6,0,0,4,1,0,4,5,4,0,0,4,0,0,72,1,7
TE #87,E Washington Eagles,generated,TE,SO,87,"6'4""",250,no,0,0,48,59,52,65,59,59,52,59,62,40,72,74,40,40,56,44,48,40,40,13834,65535,87,87,65535,,TE #87,90,0,10,0,0,0,5,0,7,0,0,5,2,9,0,0,0,1,0,1,0,1,5,5,0,11,0,1,2,0,9,4,2,2,0,0,87,18,0,0,0,0,0,0,0,0,5,0,6,0,0,3,1,0,3,2,7,0,0,4,0,0,76,1,2
TE #81,E Washington Eagles,generated,TE,JR,81,"6'3""",220,no,0,0,48,59,52,65,59,59,52,59,62,40,72,74,40,40,56,44,48,40,40,13835,65535,81,81,65535,,TE #81,60,0,10,0,0,0,5,0,7,0,0,5,2,9,0,0,0,1,0,1,0,3,5,5,0,11,0,1,2,0,9,4,2,2,0,0,81,18,0,0,0,0,0,0,0,0,1,0,6,0,0,3,2,0,3,2,7,0,0,4,0,0,75,1,2
WR #32,E Washington Eagles,generated,WR,SR,32,"5'10""",195,no,0,0,76,87,44,82,88,86,44,82,72,40,89,85,40,40,44,40,48,40,40,13836,65535,32,32,65535,,WR #32,35,0,21,0,0,0,20,0,5,0,0,19,0,12,0,0,0,0,0,0,0,1,15,18,5,17,0,0,2,0,1,1,0,11,3,0,32,16,0,0,0,0,0,0,0,0,42,31,10,0,0,1,3,0,1,12,15,0,0,3,0,0,70,1,35
WR #83,E Washington Eagles,generated,WR,SR,83,"6'3""",190,no,0,0,65,84,56,56,82,80,56,68,72,40,88,80,40,40,62,48,52,40,40,13837,65535,83,83,65535,,WR #83,30,0,20,0,0,0,15,0,4,0,0,16,2,20,0,0,0,15,0,15,0,4,8,14,4,14,0,2,3,0,1,6,0,6,3,0,83,15,0,0,0,0,0,0,0,0,33,13,10,0,0,4,3,0,4,7,4,0,0,3,0,0,75,1,22
WR #1,E Washington Eagles,generated,WR,SR,1,"5'9""",190,no,0,0,62,74,40,65,78,76,40,72,72,40,80,78,40,40,44,40,40,40,40,13838,65535,1,1,65535,,WR #1,30,0,14,0,0,0,13,0,5,0,0,11,0,12,0,0,0,15,0,15,0,4,10,12,0,13,0,0,0,0,1,1,2,8,3,0,1,18,0,0,0,0,0,0,0,0,6,9,10,0,0,0,3,0,0,6,7,0,0,3,0,0,69,1,18
WR #15,E Washington Eagles,generated,WR,SR,15,"5'9""",185,no,0,0,52,68,44,56,70,70,44,62,70,40,80,76,40,40,48,40,40,40,40,13839,65535,15,15,65535,,WR #15,25,0,14,0,0,0,9,0,7,0,0,8,2,9,0,0,0,15,0,15,0,4,6,9,7,12,0,0,0,0,1,2,0,14,3,0,15,19,0,0,0,0,0,0,0,0,61,2,9,1,0,1,3,0,1,3,4,0,0,3,0,0,69,1,4
WR #47,E Washington Eagles,generated,WR,SO,47,"5'11""",170,no,0,0,48,70,44,48,68,68,59,59,72,40,74,76,40,40,44,40,40,40,40,13840,65535,47,47,65535,,WR #47,10,0,11,0,0,0,8,0,7,0,0,9,2,9,0,0,0,15,0,15,0,4,5,8,5,12,0,0,0,0,1,1,0,13,3,0,47,17,0,0,0,0,0,0,0,0,40,0,10,1,0,5,1,0,1,2,2,0,0,3,0,0,71,1,2
WR #18,E Washington Eagles,generated,WR,JR,18,"5'8""",195,no,0,0,48,70,48,44,74,68,44,59,68,40,78,76,40,40,40,40,40,40,40,13841,65535,18,18,65535,,WR #18,35,0,13,0,0,0,11,0,7,0,0,9,0,9,0,0,0,0,0,0,0,1,5,8,0,12,0,0,0,0,1,0,2,13,3,0,18,17,0,0,0,0,0,0,0,0,2,0,8,0,0,1,2,0,2,2,1,0,0,3,0,0,68,1,2
