player,team,PGID,skfL,splN,skea,sknk,skem,spat,sppt,SEYR,skaa,skfa,skma,spya,skab,skeb,skfb,skmb,sktb,sptb,skac,skmc,skad,skmd,skae,skme,spbl,skfm,sgmp,spny
"J.T. Gaines","Iowa State",2680,35,0,8,10,8,0,0,0,0,2,0,0,0,0,0,0,1,0,1,1,0,0,1,0,0,1,1,0
"Patrick Mitchell","Toledo",6667,50,0,3,5,3,0,0,0,0,1,0,0,0,0,0,0,1,0,0,0,0,0,1,1,0,1,1,0
"John Vogelpohl","Toledo",6682,0,61,0,0,0,6,2,0,0,0,0,262,0,0,0,0,0,2,0,0,0,0,0,0,0,0,1,203
"Tom Lupo","Iowa State",2691,0,45,0,0,0,2,0,0,0,0,0,86,0,0,0,0,0,0,0,0,0,0,0,0,0,0,1,75
"Steven Richard","Connecticut",7020,45,0,8,10,8,0,0,0,0,2,0,0,0,0,0,0,2,0,0,0,2,1,0,0,0,1,1,0
"Brad Charles","Connecticut",7032,0,38,0,0,0,3,0,0,0,0,0,103,0,0,0,0,0,0,0,0,0,0,0,0,0,0,1,87
"Drew Braziel","Tulsa",6806,0,0,8,9,8,0,0,0,0,1,0,0,0,0,0,0,2,0,0,0,1,0,0,0,0,0,1,0
"Courtney Brown","Tulsa",6818,0,51,0,0,0,3,2,0,0,0,0,122,0,0,0,0,0,1,0,0,0,0,0,0,0,0,1,102
"Daniel Kramer","San Diego State",5690,0,0,0,1,0,0,0,0,0,0,0,0,0,0,0,0,1,0,0,0,0,0,0,0,0,0,1,0
"Evan Washington","UTEP",7367,38,0,5,7,5,0,0,0,0,3,0,0,1,0,0,1,2,0,1,1,1,0,0,0,0,2,1,0
"Dominique Williams","San Diego State",5703,0,65,0,0,0,8,4,0,0,0,0,377,0,0,0,0,0,0,0,0,0,0,0,0,0,0,1,335
"Luis Thornton","UTEP",7379,0,48,0,0,0,5,1,0,0,0,0,202,0,0,0,0,0,2,0,0,0,0,0,0,0,0,1,143
"Greg Colbert","New Mexico State",4288,44,0,6,9,6,0,0,0,0,2,0,0,0,0,0,0,1,0,0,0,2,1,0,0,0,1,1,0
"Perry McCullough","New Mexico State",4303,0,51,0,0,0,5,2,0,0,0,0,223,0,0,0,0,0,1,0,0,0,0,0,0,0,0,1,182
"Andrew Chandler","Mississippi State",3873,0,0,2,3,2,0,0,0,0,1,0,0,0,0,0,0,1,0,1,0,0,0,0,0,0,0,1,0
"Lawrence Simmons","South Carolina",5901,38,58,5,7,5,6,4,0,0,1,0,296,0,0,0,0,0,1,1,1,0,0,0,0,0,1,1,233
"Bobby Manson","Mississippi State",3885,0,59,0,0,0,8,2,0,0,0,0,384,0,0,0,0,0,1,0,0,0,0,0,0,0,0,1,354
"Billy Cox","Mid Tenn State",3746,0,45,0,4,0,3,1,0,0,0,0,127,0,0,0,0,0,2,0,0,0,0,0,0,0,0,1,87
"Chris Lawson","FIU",16133,0,51,0,0,0,5,1,0,0,0,0,207,0,0,0,0,0,0,0,0,0,0,0,0,0,0,1,149
"Kenneth Durfee","FIU",16120,0,0,3,3,3,0,0,0,0,1,0,0,1,0,0,0,0,0,0,0,0,0,0,0,0,0,1,0
"Jonathan Freeman","Mid Tenn State",3733,31,0,0,0,0,0,0,0,1,3,1,0,0,0,0,0,0,0,1,1,1,0,0,0,0,2,1,0
"Derek Collins","Northwestern",4711,27,0,4,8,4,0,0,0,0,2,0,0,1,0,0,1,1,0,0,0,1,0,0,0,0,1,1,0
"Mike Alexander","Miami University",3522,0,0,4,6,4,0,0,0,0,1,0,0,1,0,0,0,0,0,0,0,0,0,0,0,0,0,1,0
"Todd Rivers","Northwestern",4726,0,54,0,0,0,4,1,0,0,0,0,179,0,0,0,0,0,0,0,0,0,0,0,0,0,0,1,115
"Kris Lambert","Miami University",3536,0,60,0,0,0,7,3,0,0,0,0,271,0,0,0,0,0,0,0,0,0,0,0,0,0,0,1,205
"Ross Thompson","Kent State",2891,25,0,1,4,1,0,0,0,1,2,1,0,1,0,0,1,0,0,0,0,0,0,0,0,0,2,1,0
"Kendrick Irby","Minnesota",3816,0,53,0,0,0,5,4,0,0,0,0,229,0,0,0,0,0,0,0,0,0,0,0,0,0,0,1,183
"Marques Hall","Kent State",2904,0,60,0,0,0,8,2,0,0,0,0,363,0,0,0,0,0,1,0,0,0,0,0,0,0,0,1,284
"Eric Burton","Minnesota",3801,39,0,3,0,3,0,0,0,0,3,0,0,1,0,0,1,0,0,1,1,1,0,0,0,0,2,1,0
"Casey McCaleb","Minnesota",3802,0,0,0,6,0,0,0,0,0,0,0,0,0,0,0,0,0,0,0,0,0,0,0,0,0,0,1,0
"Charlie Brown","Central Michigan",1351,27,0,1,3,1,0,0,0,0,2,0,0,1,0,0,1,0,0,1,0,0,0,0,0,0,1,1,0
"Kevin Taylor","Boston College",930,39,0,1,4,1,0,0,0,0,2,0,0,0,0,0,0,0,0,2,2,0,0,0,0,0,2,1,0
"Stephen Thompson","Boston College",943,0,55,0,0,0,4,1,0,0,0,0,186,0,0,0,0,0,2,0,0,0,0,0,0,0,0,1,134
"Brandon Thomas","Central Michigan",1362,0,47,0,0,0,4,0,0,0,0,0,156,0,0,0,0,0,0,0,0,0,0,0,0,0,0,1,121
"Marquice Hayes","Buffalo",1071,33,0,2,5,2,0,0,0,0,5,0,0,0,0,0,0,1,0,4,2,1,0,0,0,0,2,1,0
"Robert Mueller","Temple",6334,0,54,0,0,0,4,2,0,0,0,0,171,0,0,0,0,0,0,0,0,0,0,0,0,0,0,1,159
"Keith Satele","Buffalo",1083,0,60,0,0,0,4,1,0,0,0,0,163,0,0,0,0,0,1,0,0,0,0,0,0,0,0,1,92
"Ryan Culberson","Temple",6321,27,0,2,5,2,0,0,0,0,1,0,0,1,0,0,1,0,0,0,0,0,0,0,0,0,1,1,0
"Rashaun Harvey","Eastern Michigan",1840,39,0,4,6,4,0,0,0,0,1,0,0,0,0,0,0,1,0,1,1,0,0,0,0,0,1,1,0
"Mike Faaeteete","Ball State",737,0,65,0,0,0,2,1,0,0,0,0,102,0,0,0,0,0,0,0,0,0,0,0,0,0,0,1,101
"Max Gray","Eastern Michigan",1852,0,57,0,0,0,5,3,0,0,0,0,225,0,0,0,0,0,2,0,0,0,0,0,0,0,0,1,179
"Ryan O'Donnell","Ball State",722,36,0,3,7,3,0,0,0,0,4,0,0,1,0,0,1,2,0,2,1,0,0,1,0,0,2,1,0
"Kurt Wilkerson","Arizona State",374,0,58,7,9,7,5,0,0,0,0,0,165,0,0,0,0,1,4,0,0,0,0,0,0,1,0,1,85
"Travis Wallace","Nevada",4148,36,0,2,4,1,0,0,0,0,2,0,0,1,0,0,0,1,0,1,1,0,0,0,0,0,1,1,0
"Shane Cribbs","Fresno State",2065,0,42,0,0,0,5,0,0,0,0,0,197,0,0,0,0,0,2,0,0,0,0,0,0,0,0,1,137
"Edward Lee","Fresno State",2053,44,0,2,4,2,0,0,0,0,1,0,0,0,0,0,0,0,0,0,0,1,1,0,0,0,1,1,0
"Dallas Strickland","Nevada",4163,0,51,0,0,0,4,3,0,0,0,0,163,0,0,0,0,0,0,0,0,0,0,0,0,0,0,1,130
"Steven Patterson","Syracuse",6197,0,59,0,3,0,8,2,0,0,0,0,365,0,0,0,0,1,1,0,0,0,0,0,0,0,0,1,288
"Andrew Bell","Syracuse",6182,0,0,2,0,2,0,0,0,0,1,0,0,0,0,0,0,0,0,0,0,0,0,1,0,0,0,1,0
"Brenton Olsen","Wake Forest",7653,42,57,4,8,4,4,2,0,0,2,0,194,0,0,0,0,1,1,1,1,1,1,0,0,0,2,1,155
"John Lyles","Baylor",790,0,0,1,2,1,0,0,0,0,1,0,0,0,0,0,0,0,0,0,0,0,0,1,0,0,0,1,0
"Howard King","TCU",6249,37,0,6,9,6,0,0,0,0,1,0,0,0,0,0,0,3,0,1,1,0,0,0,0,0,1,1,0
"Brandon Smith","Baylor",802,0,59,0,0,0,7,0,0,0,0,0,310,0,0,0,0,0,0,0,0,0,0,0,0,0,0,1,232
"Will Williams","TCU",6264,0,45,0,0,0,3,2,0,0,0,0,119,0,0,0,0,0,1,0,0,0,0,0,0,0,0,1,96
"Randy Anthony","Arkansas State",510,29,0,1,4,1,0,0,0,0,3,0,0,2,0,0,2,2,0,0,0,1,0,0,0,0,2,1,0
"Justin Jones","Army",598,0,52,0,0,0,7,2,0,0,0,0,285,0,0,0,0,0,1,0,0,0,0,0,0,0,0,1,252
"Fred Parks","Arkansas State",524,0,58,0,0,0,5,1,0,0,0,0,233,0,0,0,0,0,1,0,0,0,0,0,0,0,0,1,197
"Andrew Turner","Army",583,53,0,1,3,1,0,0,0,0,1,0,0,0,0,0,0,0,0,0,0,0,0,1,1,0,1,1,0
"T.J. Osborn","West Virginia",7859,34,0,5,7,5,0,0,0,0,2,0,0,0,0,0,0,0,0,2,1,0,0,0,0,0,1,1,0
"Darius Brown","Marshall",3241,41,0,2,4,2,0,0,0,0,2,0,0,0,0,0,0,1,0,1,1,1,1,0,0,0,2,1,0
"Eric Cooper","West Virginia",7872,0,42,0,0,0,3,1,0,0,0,0,122,0,0,0,0,0,1,0,0,0,0,0,0,0,0,1,73
"Cameron Sanders","Marshall",3252,0,65,0,0,0,5,3,0,0,0,0,251,0,0,0,0,0,0,0,0,0,0,0,0,0,0,1,240
"Ryan Bell","Kansas State",2819,35,0,6,8,6,0,0,0,0,1,0,0,0,0,0,0,1,0,1,1,0,0,0,0,0,1,1,0
"Nick Wesley","Kansas State",2832,0,54,0,0,0,3,2,0,0,0,0,137,0,0,0,0,0,0,0,0,0,0,0,0,0,0,1,112
"Derek Stephens","Indiana",2541,27,0,1,3,1,0,0,0,0,2,0,0,1,0,0,1,2,0,1,0,0,0,0,0,0,1,1,0
"Bobby Larsen","Western Michigan",7929,37,0,3,0,3,0,0,0,0,4,0,0,1,0,0,1,0,0,3,3,0,0,0,0,0,4,1,0
"Cole Campanella","Western Michigan",7930,0,0,0,8,0,0,0,0,0,0,0,0,0,0,0,0,3,0,0,0,0,0,0,0,0,0,1,0
"David Parker","Western Michigan",7944,0,48,0,0,0,5,1,0,0,0,0,202,0,0,0,0,0,1,0,0,0,0,0,0,0,0,1,180
"Joe Dawson","Indiana",2554,0,64,0,0,0,5,2,0,0,0,0,244,0,0,0,0,0,1,0,0,0,0,0,0,0,0,1,186
"Bryan Stovall","Illinois",2471,36,0,3,5,3,0,0,0,0,1,0,0,0,0,0,0,0,0,1,1,0,0,0,0,0,1,1,0
"Cody Thompson","Illinois",2483,0,55,0,0,0,6,3,0,0,0,0,271,0,0,0,0,0,2,0,0,0,0,0,0,0,0,1,209
"Jason Smart","Florida",1914,36,0,5,9,5,0,0,0,0,2,0,0,1,0,0,1,0,0,1,1,0,0,0,0,0,2,1,0
"Jon Thompson","Southern Miss",5983,0,47,0,0,0,6,1,0,0,0,0,230,0,0,0,0,0,0,0,0,0,0,0,0,0,0,1,207
"Brandon Everett","Southern Miss",5970,0,0,3,4,3,0,0,0,0,0,0,0,0,0,0,0,2,0,0,0,0,0,0,0,0,0,1,0
"Andrew McCray","Florida",1926,0,47,0,0,0,3,2,0,0,0,0,112,0,0,0,0,0,1,0,0,0,0,0,0,0,0,1,83
"Micah Keyes","Duke",1703,0,0,7,8,7,0,0,0,0,1,0,0,0,0,0,0,2,0,0,0,0,0,1,0,0,0,1,0
"Nick Wilson","Duke",1716,0,53,0,0,0,3,2,0,0,0,0,150,0,0,0,0,0,0,0,0,0,0,0,0,0,0,1,82
"Hakim James","Colorado",1576,0,58,0,0,0,2,1,0,0,0,0,108,0,0,0,0,0,1,0,0,0,0,0,0,0,0,1,75
"Aaron Smith","Colorado",1561,0,0,9,10,9,0,0,0,0,0,0,0,0,0,0,0,0,0,0,0,0,0,0,0,0,0,1,0
"Brent Fields","Wisconsin",8001,20,0,8,9,8,0,0,0,0,2,0,0,2,0,0,1,2,0,0,0,0,0,0,0,0,1,1,0
"Jim Dawson","Bowling Green",1013,0,49,0,0,0,6,1,0,0,0,0,260,0,0,0,0,0,1,0,0,0,0,0,0,0,0,1,231
"Paul Smith","Wisconsin",8015,0,42,0,0,0,1,1,0,0,0,0,42,0,0,0,0,0,0,0,0,0,0,0,0,0,0,1,41
"Marcus Capps","Bowling Green",998,0,0,0,1,0,0,0,0,0,0,0,0,0,0,0,0,0,0,0,0,0,0,0,0,0,0,1,0
"Robert McDowell","UCLA",6954,44,0,0,5,0,0,0,0,0,4,0,0,1,0,0,1,0,0,0,0,3,2,0,0,0,3,1,0
"Jeff Hicks","Utah",7246,0,64,0,0,0,6,4,0,0,0,0,288,0,0,0,0,0,1,0,0,0,0,0,0,0,0,1,245
"Mike Thompson","Utah",7245,35,0,1,5,1,0,0,0,1,3,1,0,1,0,0,1,1,0,1,1,0,0,0,0,0,3,1,0
"Mark Timbers","UCLA",6969,0,48,0,0,0,6,2,0,0,0,0,263,0,0,0,0,0,2,0,0,0,0,0,0,0,0,1,191
"John Roberts","Troy",10044,0,46,0,8,0,4,0,0,0,0,0,129,0,0,0,0,2,1,0,0,0,0,0,0,0,0,1,91
"Damien Taylor","Troy",10031,33,0,6,0,6,0,0,0,0,1,0,0,0,0,0,0,0,0,1,1,0,0,0,0,0,1,1,0
"Vincent Warren","Rice",5549,0,0,3,4,3,0,0,0,0,1,0,0,0,0,0,0,0,0,0,0,0,0,1,0,0,0,1,0
"Tim Shaw","Houston",2327,0,0,4,0,4,0,0,0,0,1,0,0,0,0,0,0,0,0,0,0,1,0,0,0,0,0,1,0
"Rob Burks","Houston",2328,0,0,0,5,0,0,0,0,0,0,0,0,0,0,0,0,0,0,0,0,0,0,0,0,0,0,1,0
"Tyrone White","Rice",5564,0,57,0,0,0,2,2,0,0,0,0,110,0,0,0,0,0,0,0,0,0,0,0,0,0,0,1,102
"Brandon Grant","Houston",2342,0,38,0,0,0,2,1,0,0,0,0,74,0,0,0,0,0,0,0,0,0,0,0,0,0,0,1,51
"Matthew Jones","Virginia",7509,0,0,0,4,0,0,0,0,0,0,0,0,0,0,0,0,0,0,0,0,0,0,0,0,0,0,1,0
"Roman Durfee","Pittsburgh",5428,0,50,0,0,0,3,2,0,0,0,0,127,0,0,0,0,0,1,0,0,0,0,0,0,0,0,1,107
"Ricky Rodgers","Virginia",7525,0,62,0,0,0,7,1,0,0,0,0,314,0,0,0,0,0,0,0,0,0,0,0,0,0,0,1,244
"Antonio Collins","Pittsburgh",5412,39,0,3,6,3,0,0,0,0,3,0,0,0,0,0,0,0,0,2,2,1,0,0,0,0,2,1,0
"Ken Palmer","Virginia",7508,47,0,3,0,3,0,0,0,0,1,0,0,0,0,0,0,0,0,0,0,1,1,0,0,0,1,1,0
"Lamar Thurman","Akron",160,37,0,1,5,1,0,0,0,0,2,0,0,1,0,0,1,1,0,1,1,0,0,0,0,0,2,1,0
"Steve Brown","Penn State",5342,0,0,4,5,4,0,0,0,0,1,0,0,0,0,0,0,0,0,0,0,1,0,0,0,0,0,1,0
"Chad Williams","Akron",174,0,53,0,0,0,4,1,0,0,0,0,185,0,0,0,0,0,0,0,0,0,0,0,0,0,0,1,171
"Jim Lupo","Penn State",5354,0,38,0,0,0,2,0,0,0,0,0,70,0,0,0,0,0,0,0,0,0,0,0,0,0,0,1,50
"Dan Martin","Memphis",3376,34,0,3,5,3,0,0,0,0,1,0,0,0,0,0,0,2,0,1,1,0,0,0,0,0,1,1,0
"Jon Harris","Ole Miss",5145,0,49,0,0,0,1,0,0,0,0,0,49,0,0,0,0,0,0,0,0,0,0,0,0,0,0,1,48
"Darryl Williams","Memphis",3387,0,58,0,0,0,5,3,0,0,0,0,259,0,0,0,0,0,1,0,0,0,0,0,0,0,0,1,235
"Donta Davis","Ole Miss",5130,36,0,1,4,1,0,0,0,0,4,0,0,1,0,0,1,0,0,1,1,2,0,0,0,0,2,1,0
"Craig Cox","UAB",6881,47,0,0,2,0,0,0,0,0,1,0,0,0,0,0,0,0,0,0,0,1,1,0,0,0,1,1,0
"Josh Jones","Oklahoma",4995,32,0,4,6,4,0,0,0,0,3,0,0,0,0,0,0,0,0,1,1,1,0,1,0,0,1,1,0
"Matthew Wilson","UAB",6893,0,47,0,0,0,9,2,0,0,0,0,339,0,0,0,0,0,0,0,0,0,0,0,0,0,0,1,273
"Michael Gooden","Oklahoma",5009,0,57,0,0,0,4,3,0,0,0,0,178,0,0,0,0,0,1,0,0,0,0,0,0,0,0,1,136
"Randy Brewer","Northern Illinois",4641,27,0,2,7,2,0,0,0,0,3,0,0,2,0,0,2,2,0,0,0,0,0,1,0,0,2,1,0
"Adam Bray","Ohio State",4935,0,49,0,0,0,2,0,0,0,0,0,92,0,0,0,0,0,0,0,0,0,0,0,0,0,0,1,34
"Cody Meeks","Ohio State",4922,0,0,6,7,6,0,0,0,0,0,0,0,0,0,0,0,2,0,0,0,0,0,0,0,0,0,1,0
"James Little","Northern Illinois",4655,0,70,0,0,0,3,1,0,0,0,0,157,0,0,0,0,0,1,0,0,0,0,0,0,0,0,1,116
"Mike Williamson","New Mexico",4217,0,0,6,7,6,0,0,0,0,0,0,0,0,0,0,0,0,0,0,0,0,0,0,0,0,0,1,0
"Wali Thompson","New Mexico",4231,0,47,0,0,0,6,2,0,0,0,0,208,0,0,0,0,0,1,0,0,0,0,0,0,1,0,1,136
"Carey Shaffer","Vanderbilt",7438,0,0,1,3,1,0,0,0,0,1,0,0,0,0,0,0,1,0,1,0,0,0,0,0,0,0,1,0
"Jerome Callahan","Vanderbilt",7450,0,65,0,0,0,7,5,0,0,0,0,332,0,0,0,0,0,1,0,0,0,0,0,0,0,0,1,277
"Steven Hall","Michigan",3591,31,0,4,0,4,0,0,0,0,2,0,0,0,0,0,0,0,0,1,1,0,0,1,0,0,1,1,0
"Bryce Lowery","Michigan",3605,0,42,0,6,0,3,0,0,0,0,0,118,0,0,0,0,0,0,0,0,0,0,0,0,0,0,1,103
"Daniel Peoples","Virginia Tech",7583,0,0,7,8,7,0,0,0,0,0,0,0,0,0,0,0,3,0,0,0,0,0,0,0,0,0,1,0
"Antoine Kirk","Virginia Tech",7596,0,60,0,0,0,4,1,0,0,0,0,183,0,0,0,0,0,2,0,0,0,0,0,0,0,0,1,143
"Lonnie Cook","UL Monroe",4570,0,0,5,7,5,0,0,0,0,1,0,0,0,0,0,0,3,0,0,0,1,0,0,0,0,0,1,0
"Darius Levine","UL Monroe",4581,0,64,0,0,0,1,1,0,0,0,0,64,0,0,0,0,0,0,0,0,0,0,0,0,0,0,1,51
"Eric Jackson","UCF",1281,38,0,5,7,5,0,0,0,0,2,0,0,0,0,0,0,1,0,1,1,0,0,1,0,0,1,1,0
"Antwan Owens","UCF",1292,0,48,0,0,0,4,3,0,0,0,0,126,0,0,0,0,0,1,0,0,0,0,0,0,0,0,1,105
"William Johnson","Texas Tech",6602,43,0,2,8,2,0,0,0,0,5,0,0,0,0,0,0,3,0,2,2,2,1,1,0,0,3,1,0
"Jake Bridges","SMU",5849,0,62,0,5,0,7,2,0,0,0,0,300,0,0,0,0,2,2,0,0,0,0,0,0,0,0,1,182
"Jeff Singleton","Texas Tech",6616,0,47,0,0,0,3,1,0,0,0,0,116,0,0,0,0,0,1,0,0,0,0,0,0,0,0,1,83
"Kevin Smith","SMU",5835,39,0,2,0,2,0,0,0,0,1,0,0,0,0,0,0,0,0,1,1,0,0,0,0,0,1,1,0
"Walter Reed","Texas A&M",6535,0,0,5,0,4,0,0,0,0,1,0,0,0,1,0,0,0,0,0,0,0,0,1,0,0,0,1,0
"Eddie Munoz","Texas A&M",6534,0,0,0,6,0,0,0,0,0,0,0,0,0,0,0,0,0,0,0,0,0,0,0,0,0,0,1,0
"Brian Ricks","Texas A&M",6551,0,57,0,0,0,4,3,0,0,0,0,199,0,0,0,0,0,1,0,0,0,0,0,0,0,0,1,153
"David Jones","Texas",6478,0,48,0,7,0,2,2,0,0,0,0,95,0,0,0,0,0,0,0,0,0,0,0,0,0,0,1,88
"Ernest Cody","North Texas",4514,0,66,0,0,0,6,3,0,0,0,0,282,0,0,0,0,0,0,0,0,0,0,0,0,0,0,1,258
"Jon Reid","North Texas",4500,23,0,0,2,0,0,0,0,0,1,0,0,1,0,0,1,0,0,0,0,0,0,0,0,0,1,1,0
"Jarvis Oliver","Texas",6463,0,0,6,0,6,0,0,0,0,2,0,0,0,0,0,0,0,0,0,0,0,0,2,0,0,0,1,0
"Eric Lowe","Stanford",6115,37,0,0,2,0,0,0,0,0,2,0,0,0,0,0,0,0,0,1,1,1,0,0,0,0,1,1,0
"Pat Gonzales","Oregon",5199,0,0,0,8,0,0,0,0,0,0,0,0,0,0,0,0,0,0,0,0,0,0,0,0,0,0,1,0
"Avery Miller","Stanford",6130,0,55,0,0,0,5,2,0,0,0,0,227,0,0,0,0,0,2,0,0,0,0,0,0,0,0,1,159
"John Washington","Oregon",5198,37,0,5,0,5,0,0,0,0,1,0,0,0,0,0,0,0,0,1,1,0,0,0,0,0,1,1,0
"Caleb Johnson","Oregon",5214,0,57,0,0,0,1,0,0,0,0,0,57,0,0,0,0,0,0,0,0,0,0,0,0,0,0,1,50
"Daniel Simon","Oklahoma State",5065,0,0,0,8,0,0,0,0,0,0,0,0,0,0,0,0,0,0,0,0,0,0,0,0,0,0,1,0
"Antonio Stanford","Oklahoma State",5064,25,0,6,0,6,0,0,0,0,1,0,0,1,0,0,1,0,0,0,0,0,0,0,0,0,1,1,0
"Corey Doolin","Oklahoma State",5078,0,34,0,0,0,1,1,0,0,0,0,34,0,0,0,0,0,0,0,0,0,0,0,0,0,0,1,34
"Will Davis","Ohio",4851,0,0,3,5,3,0,0,0,0,1,0,0,1,0,0,0,1,0,0,0,0,0,0,0,0,0,1,0
"Marcus Merrill","Ohio",4865,0,53,0,0,0,6,1,0,0,0,0,265,0,0,0,0,0,1,0,0,0,0,0,0,0,0,1,173
"David Johnson","Navy",4013,0,0,6,8,6,0,0,0,0,0,0,0,0,0,0,0,4,0,0,0,0,0,0,0,0,0,1,0
"Dan Robison","ECU",1770,21,0,2,4,2,0,0,0,0,1,0,0,1,0,0,1,2,0,0,0,0,0,0,0,0,1,1,0
"Adam Albin","Navy",4027,0,50,0,0,0,2,0,0,0,0,0,86,0,0,0,0,0,0,0,0,0,0,0,0,0,0,1,39
"Roy Booker","ECU",1784,0,62,0,0,0,4,3,0,0,0,0,213,0,0,0,0,0,0,0,0,0,0,0,0,0,0,1,199
"Matt Smith","Missouri",3939,32,0,6,11,6,0,0,0,0,4,0,0,3,0,0,3,3,0,1,1,0,0,0,0,0,4,1,0
"Matt Ward","Idaho",2396,25,0,1,4,1,0,0,0,0,3,0,0,2,0,0,2,0,0,0,0,0,0,1,0,0,2,1,0
"Albert Holiday","Michigan State",3660,20,0,6,8,6,0,0,0,0,3,0,0,1,0,0,1,0,0,0,0,0,0,2,0,0,1,1,0
"Mark Collier","Idaho",2408,0,52,0,0,0,8,1,0,0,0,0,323,0,0,0,0,0,0,0,0,0,0,0,0,0,0,1,267
"Peter Craft","Michigan State",3674,0,53,0,0,0,6,3,0,0,0,0,218,0,0,0,0,0,0,0,0,0,0,0,0,0,0,1,201
"Ross Davis","Maryland",3311,39,0,1,0,1,0,0,0,0,4,0,0,1,0,0,0,0,0,3,2,0,0,0,0,0,2,1,0
"Chad Overstreet","Maryland",3312,0,0,0,3,0,0,0,0,0,0,0,0,0,0,0,0,0,0,0,0,0,0,0,0,0,0,1,0
"Bernard Rose","Maryland",3328,0,58,0,0,0,4,2,0,0,0,0,181,0,0,0,0,0,0,0,0,0,0,0,0,0,0,1,152
"C.J. Scott","Kansas",2751,0,0,7,8,7,0,0,0,0,1,0,0,0,0,0,0,0,0,0,0,1,0,0,0,0,0,1,0
"Ira Clayton","Kansas",2763,0,58,0,0,0,4,3,0,0,0,0,192,0,0,0,0,0,0,0,0,0,0,0,0,0,0,1,159
"Scott McBride","Iowa",2617,48,0,8,10,8,0,0,0,0,2,0,0,0,0,0,0,0,0,0,0,2,1,0,0,0,1,1,0
"Leonard Davis","Iowa",2630,0,43,0,0,0,3,1,0,0,0,0,126,0,0,0,0,0,1,0,0,0,0,0,0,0,0,1,55
"Nick Darby","Colorado State",1631,37,0,5,7,5,0,0,0,0,2,0,0,0,0,0,0,2,0,1,1,0,0,1,0,0,1,1,0
"Dwight Evans","Colorado State",1644,0,55,0,0,0,4,2,0,0,0,0,203,0,0,0,0,0,2,0,0,0,0,0,0,0,0,1,152
"Mike Kidd","Florida Atlantic",16049,27,0,3,5,3,0,0,0,0,2,0,0,1,0,0,1,2,0,0,0,1,0,0,0,0,1,1,0
"Will Brown","Clemson",1508,0,54,0,0,0,4,1,0,0,0,0,173,0,0,0,0,0,1,0,0,0,0,0,0,0,0,1,106
"Kyle Sanders","Florida Atlantic",16063,0,51,0,0,0,6,0,0,0,0,0,265,0,0,0,0,0,0,0,0,0,0,0,0,0,0,1,237
"Wesley Muhammad","Clemson",1493,23,0,7,9,7,0,0,0,0,2,0,0,1,0,0,1,2,0,1,0,0,0,0,0,0,1,1,0
"Darryl Smith","Boise State",862,0,0,7,0,7,0,0,0,0,1,0,0,0,0,0,0,0,0,0,0,1,0,0,0,0,0,1,0
"Danny Scott","Boise State",876,0,40,0,8,0,2,0,0,0,0,0,73,0,0,0,0,1,0,0,0,0,0,0,0,0,0,1,56
"Fred Leak","Washington State",7789,30,0,1,4,1,0,0,0,0,2,0,0,0,0,0,0,0,0,1,1,1,0,0,0,0,1,1,0
"Michael Cowan","Auburn",666,0,51,0,0,0,4,0,0,0,0,0,180,0,0,0,0,0,0,0,0,0,0,0,0,0,0,1,160
"Chris Bray","Auburn",653,23,0,2,5,2,0,0,0,0,2,0,0,1,0,0,1,1,0,0,0,0,0,1,0,0,1,1,0
"Jerrell Lowery","Washington State",7801,0,52,0,0,0,7,3,0,0,0,0,297,0,0,0,0,0,1,0,0,0,0,0,0,0,0,1,266
"Antwuan Avery","Arkansas",459,44,0,0,3,0,0,0,0,0,3,0,0,0,0,0,0,1,0,0,0,3,1,0,0,0,1,1,0
"Steve Greene","USC",7166,0,0,7,8,7,0,0,0,0,0,0,0,0,0,0,0,1,0,0,0,0,0,0,0,0,0,1,0
"Derrick Sims","Arkansas",446,0,59,0,0,0,6,2,0,0,0,0,294,0,0,0,0,0,1,0,0,0,0,0,0,0,0,1,244
"Cory Jones","USC",7178,0,65,0,0,0,3,1,0,0,0,0,154,0,0,0,0,0,1,0,0,0,0,0,0,0,0,1,131
"Nick Thornton","Wyoming",8068,0,0,3,4,3,0,0,0,0,0,0,0,0,0,0,0,1,0,0,0,0,0,0,0,0,0,1,0
"Michael Young","Utah State",7310,31,46,2,5,2,1,1,0,0,3,0,46,0,0,0,0,2,0,1,1,1,0,1,0,0,1,1,40
"Randy Washington","Wyoming",8082,0,61,0,0,0,3,2,0,0,0,0,156,0,0,0,0,0,0,0,0,0,0,0,0,0,0,1,144
"Marcel Rodriguez","USF",10111,0,68,0,0,0,6,1,0,0,0,0,296,0,0,0,0,0,3,0,0,0,0,0,0,0,0,1,219
"Reggie Myers","USF",10099,0,0,5,0,5,0,0,0,0,0,0,0,0,0,0,0,0,0,0,0,0,0,0,0,0,0,1,0
"Jamar Fuller","USF",10100,0,0,0,6,0,0,0,0,0,0,0,0,0,0,0,0,1,0,0,0,0,0,0,0,0,0,1,0
"Aaron Brown","UNLV",7091,32,0,5,7,5,0,0,0,0,1,0,0,0,0,0,0,3,0,1,1,0,0,0,0,0,1,1,0
"John Moore","UNLV",7105,0,66,0,0,0,5,2,0,0,0,0,226,0,0,0,0,0,2,0,0,0,0,0,0,0,0,1,154
"Clint Thompson","Tennessee",6394,0,0,4,5,4,0,0,0,0,0,0,0,0,0,0,0,3,0,0,0,0,0,0,0,0,0,1,0
"Samuel Stewart","Cal",1225,0,58,0,4,0,5,1,0,0,0,0,216,0,0,0,0,1,0,0,0,0,0,0,0,0,0,1,175
"Kevin Mitchell","Tennessee",6408,0,57,0,0,0,6,2,0,0,0,0,282,0,0,0,0,0,2,0,0,0,0,0,0,0,0,1,210
"Dusty Ward","Cal",1210,0,0,3,0,3,0,0,0,0,0,0,0,0,0,0,0,0,0,0,0,0,0,0,0,0,0,1,0
"Jeff Miller","North Carolina",4363,37,0,5,7,5,0,0,0,0,2,0,0,0,0,0,0,1,0,1,1,0,0,1,0,0,1,1,0
"Damien Nash","Rutgers",5631,0,54,0,0,0,9,1,0,0,0,0,402,0,0,0,0,0,1,0,0,0,0,0,0,0,0,1,314
"Vince Kimbrough","Rutgers",5620,23,0,1,3,1,0,0,0,0,2,0,0,1,0,0,1,0,0,0,0,0,0,1,0,0,1,1,0
"Dwight O'Neill","North Carolina",4377,0,59,0,0,0,4,2,0,0,0,0,180,0,0,0,0,0,0,0,0,0,0,0,0,0,0,1,165
"Ryan Lupo","Louisiana Tech",3026,0,0,2,3,2,0,0,0,0,0,0,0,0,0,0,0,0,0,0,0,0,0,0,0,0,0,1,0
"Dre Smith","Nebraska",4095,0,42,0,0,0,2,1,0,0,0,0,42,0,0,0,0,0,0,0,0,0,0,0,0,1,0,1,33
"Eric Berry","Louisiana Tech",3041,0,61,0,0,0,10,3,0,0,0,0,461,0,0,0,0,0,1,0,0,0,0,0,0,0,0,1,395
"Lawrence Dean","Nebraska",4082,0,0,9,10,9,0,0,0,0,0,0,0,0,0,0,0,2,0,0,0,0,0,0,0,0,0,1,0
"Brian Jackson","NC State",4428,33,47,6,8,6,4,2,0,0,2,0,149,0,0,0,0,2,1,1,1,1,0,0,0,0,1,1,118
"Jay Reed","UL Lafayette",6039,0,0,2,3,1,0,0,0,0,2,0,0,0,1,0,0,1,0,0,0,1,0,1,0,0,0,1,0
"Greg Barron","LSU",3171,0,43,7,8,7,3,1,0,0,1,0,118,0,0,1,0,2,0,0,0,0,0,1,0,0,0,1,90
"Todd Anderson","UL Lafayette",6050,0,53,0,0,0,7,3,0,0,0,0,318,0,0,0,0,0,0,0,0,0,0,0,0,0,0,1,252
"Chris Williams","Georgia Tech",2194,0,0,0,2,0,0,0,0,0,0,0,0,0,0,0,0,0,0,0,0,0,0,0,0,0,0,1,0
"Antwan Watts","Notre Dame",4795,0,56,0,0,0,6,1,0,0,0,0,244,0,0,0,0,0,3,0,0,0,0,0,0,0,0,1,169
"Drew Sherman","Georgia Tech",2208,0,51,0,0,0,9,2,0,0,0,0,347,0,0,0,0,0,0,0,0,0,0,0,0,0,0,1,297
"Phil Burke","Notre Dame",4781,0,0,7,8,7,0,0,0,0,0,0,0,0,0,0,0,2,0,0,0,0,0,0,0,0,0,1,0
"Patrick Bell","Georgia Tech",2193,0,0,1,0,1,0,0,0,0,0,0,0,0,0,0,0,0,0,0,0,0,0,0,0,0,0,1,0
"Jake Foster","Georgia",2136,0,60,0,0,0,1,1,0,0,0,0,60,0,0,0,0,0,0,0,0,0,0,0,0,0,0,1,60
"Johnny Bryant","Georgia",2122,39,0,8,10,8,0,0,0,0,1,0,0,0,0,0,0,1,0,1,1,0,0,0,0,0,1,1,0
"Brent Sims","Cincinnati",1434,0,68,0,0,0,6,3,0,0,0,0,275,0,0,0,0,0,0,0,0,0,0,0,0,0,0,1,170
"Melvin Carter","Cincinnati",1421,31,0,1,3,1,0,0,0,0,1,0,0,0,0,0,0,0,0,1,1,0,0,0,0,0,1,1,0
"Kevin Newton","Alabama",234,0,0,6,7,6,0,0,0,0,1,0,0,1,0,0,0,1,0,0,0,0,0,0,0,0,0,1,0
"Mark James","Hawaii",2273,0,64,0,0,0,8,4,0,0,0,0,375,0,0,0,0,0,0,0,0,0,0,0,0,0,0,1,348
"Rodney Franklin","Hawaii",2258,0,0,2,4,2,0,0,0,0,1,0,0,0,0,0,0,0,0,0,0,1,0,0,0,0,0,1,0
"D.J. Hughes","Alabama",250,0,53,0,0,0,3,1,0,0,0,0,159,0,0,0,0,0,1,0,0,0,0,0,0,0,0,1,133
"Jeff Downs","BYU",1140,34,0,4,6,4,0,0,0,0,1,0,0,0,0,0,0,1,0,1,1,0,0,0,0,0,1,1,0
"Vincent Williams","Arizona",317,0,57,0,0,0,5,4,0,0,0,0,226,0,0,0,0,0,0,0,0,0,0,0,0,0,0,1,197
"Marcello Franklin","BYU",1153,0,59,0,0,0,7,3,0,0,0,0,325,0,0,0,0,0,1,0,0,0,0,0,0,0,0,1,280
"Brady Sanders","Arizona",302,30,0,2,6,2,0,0,0,0,3,0,0,1,0,0,1,2,0,2,1,0,0,0,0,0,2,1,0
