player,team,PGID,srkL,srpL,srka,srpa,SEYR,sgmp,srkt,srpt,srky,srpy
"David Casey","Toledo",6702,25,11,7,1,0,1,0,0,132,11
"Kyler Dixon","Iowa State",2663,26,0,3,0,0,1,0,0,69,0
"Howard Evans","Iowa State",2717,0,9,0,1,0,1,0,0,0,9
"Tyler Smith","Iowa State",2714,15,7,1,3,0,1,0,0,15,10
"Elvis Beck","Toledo",6665,15,0,2,0,0,1,0,0,27,0
"Eddie Nakfoor","Connecticut",7003,33,0,3,0,0,1,0,0,85,0
"A.J. Gibson","Connecticut",7017,0,11,0,4,0,1,0,0,0,27
"Brandon Foster","Tulsa",6792,21,0,1,0,0,1,0,0,21,0
"Corey Bell","Tulsa",6794,27,0,2,0,0,1,0,0,51,0
"Eugene Larson","Tulsa",6840,0,14,0,2,0,1,0,0,0,26
"J.J. Ford","Tulsa",6796,20,0,1,0,0,1,0,0,20,0
"Paul Scott","UTEP",7397,0,15,0,5,0,1,0,0,0,42
"Alvin Schroeder","San Diego State",5726,25,15,5,2,0,1,0,0,100,19
"Michael Baker","New Mexico State",4323,0,41,0,4,0,1,0,0,0,56
"Joe Young","New Mexico State",4319,26,0,1,0,0,1,0,0,26,0
"Dwayne Weber","South Carolina",5942,20,10,1,2,0,1,0,0,20,10
"Dominique Stephens","Mississippi State",3852,13,12,1,2,0,1,0,0,13,14
"David Henderson","Mississippi State",3871,18,0,1,0,0,1,0,0,18,0
"Brett Dudley","South Carolina",5882,28,0,1,0,0,1,0,0,28,0
"Luis Fletcher","Mississippi State",3857,25,0,1,0,0,1,0,0,25,0
"Jared Lewis","Mississippi State",3908,21,13,4,3,0,1,0,0,63,29
"Bernard Williams","FIU",16103,23,0,3,0,0,1,0,0,49,0
"Jimmie Mosley","Mid Tenn State",3761,48,0,1,0,0,1,0,0,48,0
"Cedric Cook","Mid Tenn State",3712,0,40,0,4,0,1,0,0,0,58
"Aaron Powers","Mid Tenn State",3771,23,0,2,0,0,1,0,0,43,0
"Anthony Givens","FIU",16152,15,0,1,0,0,1,0,0,15,0
"Matt Roberts","Miami University",3561,31,0,6,0,0,1,0,0,141,0
"Shedrick Manning","Miami University",3556,0,49,0,3,0,1,0,1,0,64
"Jason Johnson","Northwestern",4707,28,0,2,0,0,1,0,0,40,0
"Michael Love","Northwestern",4693,0,14,0,7,0,1,0,0,0,66
"Allen Burnsides","Northwestern",4696,25,0,4,0,0,1,0,0,80,0
"Patrick Barrett","Miami University",3562,20,0,1,0,0,1,0,0,20,0
"Mike Ostrander","Minnesota",3834,21,14,3,3,0,1,0,0,57,26
"Jared Bates","Kent State",2921,44,32,4,4,0,1,0,0,103,46
"Marques Gaither","Minnesota",3799,12,12,1,4,0,1,0,0,12,33
"Lance Fox","Kent State",2923,25,0,2,0,0,1,0,0,40,0
"Eric Johnson","Boston College",927,16,0,1,0,0,1,0,0,16,0
"Cedric Leonard","Central Michigan",1381,15,12,1,1,0,1,0,0,15,12
"Eddie Dickerson","Boston College",916,22,14,2,4,0,1,0,0,42,35
"Justin Chase","Central Michigan",1347,56,0,3,0,0,1,0,0,103,0
"Marcus Wilson","Temple",6304,19,0,2,0,0,1,0,0,32,0
"Marcus Johnson","Buffalo",1104,21,0,4,0,0,1,0,0,66,0
"Brian McKenzie","Temple",6353,0,38,0,2,0,1,0,0,0,51
"Chaz Johnson","Buffalo",1053,12,0,1,0,0,1,0,0,12,0
"Charles Lake","Buffalo",1054,0,12,0,1,0,1,0,0,0,12
"Ken Miller","Temple",6355,16,0,2,0,0,1,0,0,31,0
"Brandon Pierce","Ball State",758,22,0,3,0,0,1,0,0,53,0
"Derrick Wilson","Eastern Michigan",1825,16,0,2,0,0,1,0,0,28,0
"Chuck McDowell","Ball State",718,23,6,2,1,0,1,0,0,38,6
"Theo Downing","Eastern Michigan",1872,38,1,2,1,0,1,0,0,51,1
"Nate Evans","Eastern Michigan",1824,22,0,1,0,0,1,0,0,22,0
"Cody Salyer","Arizona State",353,27,0,2,0,0,1,0,0,45,0
"Courtney Stewart","Arizona State",408,0,12,0,5,0,1,0,0,0,40
"DeAndre Norman","Arizona State",413,26,12,1,2,0,1,0,0,26,19
"Ernest Webb","Fresno State",2052,23,12,3,4,0,1,0,0,64,33
"Erick Ross","Nevada",4145,24,0,2,0,0,1,0,0,41,0
"Perry Mitchell","Nevada",4184,23,0,2,0,0,1,0,0,36,0
"Blake Brown","Nevada",4134,0,12,0,2,0,1,0,0,0,20
"Thad Huff","Wake Forest",7649,26,0,1,0,0,1,0,0,26,0
"Brad Neal","Wake Forest",7690,0,40,0,3,0,1,0,0,0,47
"Bo Hollinsworth","Wake Forest",7687,27,0,1,0,0,1,0,0,27,0
"Dominic Guillory","Syracuse",6181,27,14,5,1,0,1,0,0,105,14
"Tim Williams","Syracuse",6179,16,0,2,0,0,1,0,0,32,0
"Corey Jones","Wake Forest",7682,0,10,0,2,0,1,0,0,0,10
"Sam Huff","Syracuse",6212,0,5,0,1,0,1,0,0,0,5
"T.C. Monts","TCU",6290,13,26,1,7,0,1,0,0,13,78
"Steven Brooks","TCU",6283,16,0,1,0,0,1,0,0,16,0
"James Matthews","Baylor",822,22,3,2,1,0,1,0,0,38,3
"Todd Evans","Baylor",820,24,0,4,0,0,1,0,0,73,0
"Joseph Weldon","Arkansas State",545,0,12,0,3,0,1,0,0,0,13
"Matt Williams","Army",619,23,12,2,3,0,1,0,0,43,16
"Charles Avery","Arkansas State",548,46,0,3,0,0,1,0,0,84,0
"Collin Foster","Marshall",3237,38,20,6,2,0,1,0,0,106,29
"David Campbell","West Virginia",7845,25,9,1,3,0,1,0,0,25,11
"Mike Reed","Marshall",3232,51,0,1,0,0,1,0,0,51,0
"Jerome Clemens","West Virginia",7902,16,0,2,0,0,1,0,0,30,0
"Jordan Bailey","Kansas State",2852,37,15,5,4,0,1,0,0,121,24
"Eric Stovall","Western Michigan",7958,12,14,1,3,0,1,0,0,12,38
"Brian Wade","Indiana",2531,43,0,3,0,0,1,0,0,74,0
"Brandon Bright","Indiana",2579,21,2,2,1,0,1,0,0,34,2
"Travis Henderson","Illinois",2468,40,37,3,6,0,1,0,0,99,102
"Adam Brooks","Illinois",2467,25,0,3,0,0,1,0,0,54,0
"Vince Parrish","Southern Miss",5964,25,8,6,2,0,1,0,0,114,9
"Adam Beverly","Florida",1896,0,6,0,2,0,1,0,0,0,10
"Ted Dawson","Southern Miss",5999,20,0,3,0,0,1,0,0,51,0
"Orlando Ruffin","Florida",1949,0,4,0,1,0,1,0,0,0,4
"Curtis Allen","Florida",1909,27,9,2,1,0,1,0,0,45,9
"Anthony Schneider","Duke",1697,20,41,3,8,0,1,0,0,56,96
"Jonathan Bush","Colorado",1602,15,14,1,3,0,1,0,0,15,25
"Larry Logan","Colorado",1546,0,4,0,2,0,1,0,0,0,5
"Lance Lane","Bowling Green",1038,52,0,5,0,0,1,0,0,108,0
"Dan Larsen","Wisconsin",7984,20,8,1,1,0,1,0,0,20,8
"Brian Barnes","Wisconsin",8036,0,1,0,1,0,1,0,0,0,1
"Mike Lewis","Bowling Green",1034,30,1,2,1,0,1,0,0,42,1
"Ryan Rogers","Utah",7270,23,0,4,0,0,1,0,0,81,0
"Robert Schlicher","Utah",7265,24,0,1,0,0,1,0,0,24,0
"Bobby Lawrence","UCLA",6949,17,14,1,3,0,1,0,0,17,21
"Cliff Wright","UCLA",6952,21,2,2,1,0,1,0,0,39,2
"Daniel Mitchell","UCLA",6938,16,0,1,0,0,1,0,0,16,0
"Brian Davis","Utah",7212,0,21,0,4,0,1,0,0,0,32
"Cam Leonard","Troy",10015,0,61,0,5,0,1,0,1,0,84
"Jonathan Smith","Troy",10067,0,42,0,2,0,1,0,0,0,42
"Matt Brooks","Houston",2361,52,8,4,1,0,1,0,0,137,8
"Phil Woods","Rice",5541,25,0,4,0,0,1,0,0,93,0
"Tyrell White","Rice",5533,15,14,1,2,0,1,0,0,15,23
"Paul Strong","Pittsburgh",5449,22,18,3,1,0,1,0,0,56,18
"Patrick Berg","Pittsburgh",5392,0,27,0,4,0,1,0,0,0,52
"Jarod Henderson","Virginia",7507,58,0,6,0,0,1,0,0,174,0
"Justin Chase","Pittsburgh",5447,13,0,1,0,0,1,0,0,13,0
"Gabe Williams","Akron",157,15,0,1,0,0,1,0,0,15,0
"David Snyder","Penn State",5324,0,9,0,3,0,1,0,0,0,14
"Charles Cox","Akron",197,19,11,2,2,0,1,0,0,31,20
"Mike Fields","Penn State",5380,29,0,4,0,0,1,0,0,76,0
"Dennis Cooper","Akron",146,20,0,2,0,0,1,0,0,32,0
"Mike Simpson","Ole Miss",5126,26,0,2,0,0,1,0,0,39,0
"Joel Ellis","Ole Miss",5171,0,2,0,3,0,1,0,0,0,4
"Brad Pryor","Memphis",3363,0,1,0,1,0,1,0,0,0,1
"Tyler Brown","Memphis",3372,28,0,3,0,0,1,0,0,63,0
"Brett Covington","Memphis",3411,22,0,1,0,0,1,0,0,22,0
"Josh Logan","Ole Miss",5127,17,0,1,0,0,1,0,0,17,0
"Billy Newby","Oklahoma",5023,17,0,2,0,0,1,0,0,34,0
"Terrence Brown","UAB",6865,0,14,0,2,0,1,0,0,0,22
"Andy Krieg","UAB",6878,23,0,5,0,0,1,0,0,98,0
"Nick Booker","Oklahoma",4975,0,41,0,4,0,1,0,0,0,50
"Seth Hobbs","Oklahoma",4993,0,14,0,2,0,1,0,0,0,16
"Shannon Green","UAB",6910,38,0,1,0,0,1,0,0,38,0
"Robbie Bryant","Ohio State",4956,26,0,2,0,0,1,0,0,44,0
"Jordan Smith","Ohio State",4954,0,13,0,2,0,1,0,0,0,21
"Vince Rawls","Northern Illinois",4671,0,38,0,2,0,1,0,0,0,58
"Dan Fluellen","Northern Illinois",4679,51,0,4,0,0,1,0,0,113,0
"Oliver Smith","Ohio State",4902,23,0,3,0,0,1,0,0,54,0
"Walter Richardson","Northern Illinois",4677,28,0,1,0,0,1,0,0,28,0
"Jay Bratton","New Mexico",4202,12,0,1,0,0,1,0,0,12,0
"Kevin Brown","New Mexico",4254,27,12,1,4,0,1,0,0,27,35
"Jake Barry","Michigan",3626,23,13,1,3,0,1,0,0,23,35
"Tyler Parker","Vanderbilt",7466,24,10,6,2,0,1,0,0,109,15
"Scott Alston","Michigan",3629,15,0,1,0,0,1,0,0,15,0
"Garrett Washington","Virginia Tech",7620,27,15,1,3,0,1,0,0,27,25
"Bill Sanchez","Virginia Tech",7563,0,5,0,1,0,1,0,0,0,5
"Ricky Jones","UL Monroe",4604,16,0,2,0,0,1,0,0,32,0
"Joe Carroll","UL Monroe",4564,21,0,1,0,0,1,0,0,21,0
"Stephen McGee","UL Monroe",4601,0,31,0,2,0,1,0,0,0,31
"Roger Noa","UCF",1279,25,13,1,3,0,1,0,0,25,27
"Chris Diggs","UCF",1264,0,0,0,1,0,1,0,0,0,0
"Ryan Samuel","UCF",1277,13,0,1,0,0,1,0,0,13,0
"Kevin Beverly","UCF",1263,0,10,0,1,0,1,0,0,0,10
"Kurt Coleman","SMU",5877,20,0,3,0,0,1,0,0,54,0
"Chris Hill","SMU",5874,27,13,2,1,0,1,0,0,39,13
"Kevin Atkins","Texas Tech",6633,13,41,1,5,0,1,0,0,13,78
"Mark Browne","Texas Tech",6600,28,0,2,0,0,1,0,0,43,0
"Jamaal Newberry","Texas A&M",6516,24,0,1,0,0,1,0,0,24,0
"D.J. Henderson","Texas A&M",6514,0,0,0,2,0,1,0,0,0,0
"Albert Brittain","Texas A&M",6512,0,14,0,2,0,1,0,0,0,27
"Brandon Barnes","North Texas",4532,35,7,4,1,0,1,0,0,77,7
"Tyler Joseph","Texas",6443,0,3,0,2,0,1,0,0,0,5
"Chris Miller","Texas",6461,28,10,2,2,0,1,0,0,44,19
"Nate Ramsey","North Texas",4533,21,0,2,0,0,1,0,0,36,0
"Keenan Holden","North Texas",4484,17,0,1,0,0,1,0,0,17,0
"Luke Burley","Oregon",5196,28,0,2,0,0,1,0,0,45,0
"Oliver Duren","Stanford",6146,25,0,3,0,0,1,0,0,61,0
"James Gibson","Stanford",6156,24,7,5,1,0,1,0,0,92,7
"Sean Jones","Oregon",5183,0,13,0,3,0,1,0,0,0,28
"Jason Stevenson","Oklahoma State",5103,0,12,0,5,0,1,0,0,0,35
"Thomas Holt","Oklahoma State",5105,20,0,1,0,0,1,0,0,20,0
"Von Smith","Ohio",4884,101,0,4,0,0,1,1,0,169,0
"J.R. Dean","Ohio",4832,0,14,0,2,0,1,0,0,0,28
"Tavares Espinosa","ECU",1766,33,0,1,0,0,1,0,0,33,0
"John Parks","Navy",4045,0,8,0,3,0,1,0,0,0,14
"Chad Mullins","Navy",4009,28,0,2,0,0,1,0,0,45,0
"David Miller","ECU",1753,0,42,0,2,0,1,0,0,0,47
"Mark Price","ECU",1756,25,0,3,0,0,1,0,0,65,0
"Charlie Lewis","Missouri",3978,17,0,1,0,0,1,0,0,17,0
"Eugene Fine","Missouri",3936,0,13,0,4,0,1,0,0,0,32
"Jimmy Wright","Missouri",3979,26,0,1,0,0,1,0,0,26,0
"Byron Anderson","Michigan State",3699,24,0,1,0,0,1,0,0,24,0
"Vincent Wilson","Idaho",2382,28,0,3,0,0,1,0,0,69,0
"Jeremy Ford","Michigan State",3697,0,14,0,7,0,1,0,0,0,56
"Matthew Anderson","Idaho",2435,38,11,4,3,0,1,0,0,107,17
"Brian Washington","Idaho",2431,16,0,1,0,0,1,0,0,16,0
"Michael Flowers","Michigan State",3642,26,0,3,0,0,1,0,0,57,0
"John Smith","Maryland",3293,26,0,1,0,0,1,0,0,26,0
"Bryan McKinney","Maryland",3352,0,11,0,5,0,1,0,0,0,34
"Tony Stover","Kansas",2782,0,29,0,4,0,1,0,0,0,54
"Robert Jenkins","Kansas",2748,44,0,4,0,0,1,0,0,109,0
"Rodney Hines","Kansas",2783,16,0,1,0,0,1,0,0,16,0
"Joel Hall","Iowa",2655,0,14,0,4,0,1,0,0,0,31
"Matt Russell","Iowa",2616,21,13,2,2,0,1,0,0,36,25
"Todd Shine","Colorado State",1664,0,26,0,9,0,1,0,0,0,103
"Randy Haynes","Colorado State",1670,28,0,3,0,0,1,0,0,68,0
"Brett Fountain","Clemson",1530,28,12,2,1,0,1,0,0,56,12
"Brett Toth","Clemson",1528,19,9,1,3,0,1,0,0,19,16
"Trent Alvarez","Florida Atlantic",16034,0,34,0,2,0,1,0,0,0,47
"Nathan Ramsey","Florida Atlantic",16035,25,0,2,0,0,1,0,0,46,0
"Scott Bush","Florida Atlantic",16087,22,0,5,0,0,1,0,0,100,0
"Clay Jordan","Boise State",896,16,0,1,0,0,1,0,0,16,0
"Ken McCall","Boise State",843,27,44,2,4,0,1,0,0,40,75
"Kevin Allen","Auburn",648,28,9,2,4,0,1,0,0,51,11
"C.J. Wynn","Washington State",7823,0,11,0,4,0,1,0,0,0,20
"Kevin Haynes","Washington State",7824,26,0,3,0,0,1,0,0,68,0
"DeShawn McCutcheon","Washington State",7822,40,0,1,0,0,1,0,0,40,0
"Lance Campbell","Auburn",649,28,0,2,0,0,1,0,0,47,0
"Benjamin Chance","USC",7161,40,14,2,1,0,1,0,0,66,14
"Tyler Davis","Arkansas",442,27,0,3,0,0,1,0,0,64,0
"Brian Lacey","Arkansas",437,0,3,0,1,0,1,0,0,0,3
"Landon Brown","USC",7195,0,9,0,3,0,1,0,0,0,16
"D.J. Lacey","Arkansas",443,27,0,4,0,0,1,0,0,85,0
"Henry Cribbs","Utah State",7328,27,0,2,0,0,1,0,0,51,0
"Antoine Howell","Utah State",7293,44,12,1,1,0,1,0,0,44,12
"Maurice Gilmore","Wyoming",8102,22,6,3,1,0,1,0,0,54,6
"Arnold Selmon","USF",10084,28,0,2,0,0,1,0,0,43,0
"Mike Harrison","USF",10132,26,10,1,4,0,1,0,0,26,14
"Carlos Johnson","USF",10088,0,12,0,3,0,1,0,0,0,24
"Dennis Weaver","UNLV",7073,14,0,1,0,0,1,0,0,14,0
"Anthony Jackson","UNLV",7075,35,0,1,0,0,1,0,0,35,0
"Michael Williams","UNLV",7074,0,35,0,4,0,1,0,0,0,46
"Zach Russell","Tennessee",6386,0,18,0,2,0,1,0,0,0,21
"Kevin Simpson","Tennessee",6428,16,0,2,0,0,1,0,0,28,0
"Mike Reynolds","Cal",1193,0,13,0,3,0,1,0,0,0,32
"Ben Jones","Tennessee",6376,24,0,1,0,0,1,0,0,24,0
"Brandon Miranda","Cal",1208,28,0,2,0,0,1,0,0,50,0
"Will Moses","Tennessee",6422,0,9,0,3,0,1,0,0,0,20
"Stan Slater","Rutgers",5649,13,0,1,0,0,1,0,0,13,0
"Randy Harvey","North Carolina",4399,22,15,2,7,0,1,0,0,35,68
"Travis Harris","Rutgers",5652,25,8,5,3,0,1,0,0,91,15
"Stephen Harrison","North Carolina",4390,23,0,1,0,0,1,0,0,23,0
"Derrick Carter","Nebraska",4066,17,0,3,0,0,1,0,0,44,0
"Donnie Jones","Louisiana Tech",3023,0,9,0,1,0,1,0,0,0,9
"Kerry Mooney","Louisiana Tech",3024,17,0,2,0,0,1,0,0,32,0
"Nathan Roberts","Nebraska",4116,0,10,0,4,0,1,0,0,0,25
"Gemara Bolen","Louisiana Tech",3057,40,0,6,0,0,1,0,0,146,0
"Greg Williams","Nebraska",4067,0,10,0,3,0,1,0,0,0,21
"Will White","NC State",4414,16,0,1,0,0,1,0,0,16,0
"Willie Carey","NC State",4426,25,8,1,1,0,1,0,0,25,8
"John Williams","NC State",4462,17,11,2,1,0,1,0,0,29,11
"Eric Brown","LSU",3214,18,18,1,6,0,1,0,0,18,66
"Jeff Butler","UL Lafayette",6069,15,0,2,0,0,1,0,0,28,0
"Dave Bullock","LSU",3170,29,0,1,0,0,1,0,0,29,0
"Charles Culberson","UL Lafayette",6022,0,13,0,3,0,1,0,0,0,28
"Jovon Joyce","UL Lafayette",6068,21,0,3,0,0,1,0,0,54,0
"Brannon Porter","UL Lafayette",6023,47,0,1,0,0,1,0,0,47,0
"William Hawkins","Notre Dame",4823,27,12,2,3,0,1,0,0,51,28
"Johnnie Wood","Notre Dame",4810,0,12,0,5,0,1,0,0,0,22
"Dan Wright","Georgia Tech",2175,19,10,3,2,0,1,0,0,48,15
"Eric Hall","Georgia Tech",2189,43,0,3,0,0,1,0,0,95,0
"Kyle Robinson","Georgia",2104,13,0,1,0,0,1,0,0,13,0
"Brandon Anderson","Georgia",2106,0,25,0,4,0,1,0,0,0,40
"Robert Hollins","Georgia",2119,20,0,1,0,0,1,0,0,20,0
"Patrick Felder","Georgia",2105,0,9,0,1,0,1,0,0,0,9
"Matt Thomas","Cincinnati",1419,26,8,4,4,0,1,0,0,96,24
"Buster Thomas","Cincinnati",1454,0,1,0,1,0,1,0,0,0,1
"Terry Greer","Cincinnati",1415,26,0,2,0,0,1,0,0,45,0
"Joel Turner","Hawaii",2242,23,6,2,1,0,1,0,0,44,6
"George Allen","Alabama",214,26,13,2,4,0,1,0,0,46,23
"Grant Bozeman","Hawaii",2297,38,0,4,0,0,1,0,0,108,0
"Casey Thomas","Alabama",276,27,2,2,2,0,1,0,0,46,3
"Lamar Schroeder","Alabama",215,0,1,0,1,0,1,0,0,0,1
"Dan Foster","Arizona",340,27,11,5,3,0,1,0,0,102,25
"Charles Horner","BYU",1177,0,10,0,5,0,1,0,0,0,29
"Max Bonner","BYU",1182,26,0,4,0,0,1,0,0,73,0
