stadium,nickname,school,city,state,capacity,homeTeamTier,roof,surface,STfc,STlc,Stlc,STrf,STri,STcl,STll,STrl,STRr,stcr,STlr,STrr,STS1,STS2,TDNA,SSTA,SGID,STID,SORD,SNAM,STNN,STDR,SRES,SCIT,STwp,STts,STjt,STfw,STCA,STFA,SFBB,SCRE,SFWE,MPTH,SORI,SFTI,STFN,STGN,SCAP,SWFP,SWRP,SWSP,SWWP,STYP,STHS,SIOT,SGPT,SBST,SMLX,SMLY,SFTY,SFbb,SUTf,SSft,STxt,STtv
Nippert Stadium,,Cincinnati,Cincinnati,OH,35000,FBS,outdoor,turf,0,0,0,0,0,0,0,0,0,0,0,0,0,255,Cincinnati,OH,19,34,26,Nippert Stadium,,76,23,Cincinnati,19,78,14,19,1,0,0,0,0,1,0,0,0,0,35000,0,0,0,8,0,1,1,0,1,399,129,4,0,1,0,0,6
Clemson Memorial Stadium,Death Valley,Clemson,Clemson,SC,86400,FBS,outdoor,grass,0,0,0,0,0,0,0,0,0,0,0,0,0,5,Clemson,SC,20,39,27,Clemson Memorial Stadium,Death Valley,23,24,Clemson,25,82,50,25,1,0,0,0,0,1,1,0,5,0,86400,0,0,0,6,0,1,1,0,1,421,172,0,0,1,0,0,7
Folsom Field,,Colorado,Boulder,CO,53425,FBS,outdoor,variant 1,0,0,0,0,0,0,0,0,0,0,0,0,-1,255,Colorado,CO,21,5,28,Folsom Field,,28,26,Boulder,6,76,21,6,0,0,0,0,0,1,0,0,0,3,53425,0,0,0,25,0,1,1,1,1,248,134,1,0,1,0,0,7
Hornet Stadium,,Sacramento State,Sacramento,CA,17000,FCS,outdoor,variant 1,0,0,0,0,0,0,0,0,0,0,0,0,-1,255,Sacramento State,CA,214,4,134,Hornet Stadium,,127,207,Sacramento,5,80,55,5,0,0,0,0,0,0,0,0,0,0,17000,0,5,2,5,0,1,0,0,0,134,114,1,0,1,0,0,4
Bowers Stadium,,Sam Houston St,Huntsville,TX,14000,FCS,outdoor,variant 2,0,0,0,0,0,0,0,0,0,0,0,0,-1,255,Sam Houston St,TX,228,42,135,Bowers Stadium,,127,221,Huntsville,15,87,54,15,0,0,0,0,0,0,0,0,0,0,14000,0,4,5,5,0,1,0,0,0,322,233,2,0,1,0,0,5
Seibert Stadium,,Samford,Birmingham,AL,6700,FCS,outdoor,grass,0,0,0,0,0,0,0,0,0,0,0,0,-1,255,Samford,AL,237,0,136,Seibert Stadium,,127,230,Birmingham,29,83,51,29,0,0,0,0,0,0,0,0,0,0,6700,0,4,5,5,0,1,0,1,0,392,194,0,0,1,0,0,7
QUALCOMM Stadium0,,San Diego State,San Diego,CA,71400,FBS,outdoor,variant 1,0,0,0,0,6491,63169,0,0,63169,0,6491,0,0,255,San Diego State,CA,80,4,137,QUALCOMM Stadium0,,102,104,San Diego,9,77,65,9,1,0,0,0,0,1,0,0,11,3,71400,0,0,0,15,0,0,1,0,0,146,183,1,0,1,0,0,4
Spartan Stadium,,San Jose State,San Jose,CA,30578,FBS,outdoor,variant 1,0,0,0,0,0,0,0,0,0,0,0,0,-1,255,San Jose State,CA,81,4,138,Spartan Stadium,,116,101,San Jose,9,80,58,9,0,0,0,0,0,1,0,0,2,0,30578,0,0,0,15,0,1,1,0,1,129,127,1,0,1,0,0,4
Houck Stadium,,SE Missouri St,Cape Girardeau,MO,11015,FCS,outdoor,turf,0,0,0,0,0,0,0,0,0,0,0,0,-1,255,SE Missouri St,MO,233,24,139,Houck Stadium,,127,226,Cape Girardeau,20,78,12,20,0,0,0,0,0,0,0,0,0,0,11015,0,4,5,5,0,1,0,0,0,362,156,4,0,1,0,0,6
Gerald J. Ford Stadium,,SMU,Dallas,TX,32000,FBS,outdoor,turf,0,0,0,0,0,0,0,0,0,0,0,0,-1,255,SMU,TX,82,42,140,Gerald J. Ford Stadium,,111,106,Dallas,15,87,54,15,0,0,0,0,0,1,0,0,0,3,32000,0,0,0,11,0,1,1,1,1,313,210,4,0,1,0,0,5
Williams-Brice Stadium,,South Carolina,Columbia,SC,80250,FBS,outdoor,grass,0,0,0,0,55315,55315,0,0,55315,0,55315,0,-1,255,South Carolina,SC,83,39,141,Williams-Brice Stadium,,25,102,Columbia,25,85,55,25,0,0,0,0,0,1,0,0,14,0,80250,0,0,0,6,0,1,1,0,0,435,174,0,0,1,0,0,7
Strawberry Stadium,,Southeastern,Hammond,LA,7048,FCS,outdoor,turf,0,0,0,0,0,0,0,0,0,0,0,0,-1,255,Southeastern,LA,243,17,142,Strawberry Stadium,,127,235,Hammond,28,87,55,28,0,0,0,0,0,0,0,0,0,0,7048,0,4,5,5,0,1,0,0,0,365,233,4,0,1,0,0,6
A.W. Mumford Stadium,,Southern,Baton Rouge,LA,24000,FCS,outdoor,grass,0,0,0,0,0,0,0,0,0,0,0,0,-1,255,Southern,LA,139,17,143,A.W. Mumford Stadium,,127,107,Baton Rouge,28,87,59,28,0,0,0,0,0,0,0,0,0,0,24000,0,0,0,4,0,1,1,0,0,360,233,0,0,1,0,0,6
McAndrew Stadium,,Southern Illinois,Carbondale,IL,17324,FCS,outdoor,turf,0,0,0,0,0,0,0,0,0,0,0,0,-1,255,Southern Illinois,IL,219,12,144,McAndrew Stadium,,127,212,Carbondale,20,75,21,4,0,0,0,0,0,0,0,0,0,0,17324,0,4,15,5,0,0,0,0,0,365,150,4,0,1,0,0,4
M. M. Roberts Stadium,The Rock,Southern Miss,Hattiesburg,MS,33000,FBS,outdoor,turf,0,0,0,0,0,0,0,0,0,0,0,0,0,3,Southern Miss,MS,84,23,145,M. M. Roberts Stadium,The Rock,41,105,Hattiesburg,28,87,57,28,1,0,0,0,0,1,0,0,4,0,33000,0,0,0,4,0,0,1,0,1,375,221,4,0,1,0,0,7
Stanford Stadium,The Farm,Stanford,Stanford,CA,85500,FBS,outdoor,variant 1,0,0,0,0,0,0,0,0,0,0,0,0,-1,255,Stanford,CA,86,4,146,Stanford Stadium,The Farm,87,108,Stanford,9,77,57,9,0,0,0,0,0,1,0,0,0,3,85500,0,0,0,15,0,0,1,1,1,126,128,1,0,1,0,0,4
Homer Bryce Stadium,,Stephen F. Austin,Nacogdoches,TX,14575,FCS,outdoor,turf,0,0,0,0,0,0,0,0,0,0,0,0,-1,255,Stephen F. Austin,TX,227,42,147,Homer Bryce Stadium,,127,220,Nacogdoches,15,87,54,15,0,0,0,0,0,0,0,0,0,0,14575,0,4,5,5,0,1,0,0,0,329,225,4,0,1,0,0,5
Carrier Dome,The Loud House,Syracuse,Syracuse,NY,49550,FBS,indoor,turf,0,0,0,0,0,0,0,0,0,0,0,0,-1,255,Syracuse,NY,87,31,148,Carrier Dome,The Loud House,30,109,Syracuse,0,68,68,0,0,0,0,0,0,1,1,0,11,3,49550,0,0,0,0,-1,1,1,0,1,441,73,4,0,1,0,0,0
Amon G. Carter Stadium,,TCU,Fort Worth,TX,46000,FBS,outdoor,variant 1,0,0,0,0,0,0,0,0,0,0,0,0,-1,255,TCU,TX,88,42,149,Amon G. Carter Stadium,,48,110,Fort Worth,15,87,53,15,0,0,0,0,0,1,0,0,4,0,46000,0,0,0,11,0,1,1,0,1,306,211,1,0,1,0,0,5
Lincoln Financial Field,The Linc,Temple,Philadelphia,PA,66000,FBS,outdoor,grass,0,0,0,0,0,0,0,0,0,0,0,0,-1,255,Temple,PA,89,37,150,Lincoln Financial Field,The Linc,115,111,Philadelphia,20,77,13,20,0,0,0,0,0,1,1,0,0,3,66000,0,10,10,21,0,1,1,0,0,454,97,0,0,1,0,0,6
Neyland Stadium,,Tennessee,Knoxville,TN,104079,FBS,outdoor,grass,0,0,0,0,0,0,0,0,0,0,0,0,-1,255,Tennessee,TN,90,41,151,Neyland Stadium,,6,112,Knoxville,25,81,21,25,0,0,0,0,0,1,0,0,0,0,104079,0,0,0,12,0,0,1,1,0,407,161,0,0,1,0,0,6
Nashville Coliseum,,Tennessee State,Nashville,TN,67000,FCS,outdoor,grass,0,0,0,0,0,0,0,0,0,0,0,0,-1,255,Tennessee State,TN,236,41,152,Nashville Coliseum,,127,229,Nashville,10,84,25,4,0,0,0,0,0,0,0,0,0,0,67000,0,4,5,5,0,1,0,0,0,386,165,0,0,1,0,0,4
Tucker Stadium,,Tennessee Tech,Cookeville,TN,16500,FCS,outdoor,turf,0,0,0,0,0,0,0,0,0,0,0,0,-1,255,Tennessee Tech,TN,235,41,153,Tucker Stadium,,127,228,Cookeville,10,84,25,4,0,0,0,0,0,0,0,0,0,0,16500,0,4,5,5,0,1,0,0,0,399,160,4,0,1,0,0,4
Hardy M. Graham Stadium,,Tennessee-Martin,Martin,TN,8000,FCS,outdoor,grass,0,0,0,0,0,0,0,0,0,0,0,0,-1,255,Tennessee-Martin,TN,238,41,154,Hardy M. Graham Stadium,,127,231,Martin,10,84,25,4,0,0,0,0,0,0,0,0,0,0,8000,0,4,5,5,0,1,0,0,0,372,166,0,0,1,0,0,4
DKR - Texas Memorial Stadium,,Texas,Austin,TX,81816,FBS,outdoor,variant 1,0,0,0,0,0,0,0,0,0,0,0,0,0,255,Texas,TX,91,42,155,DKR - Texas Memorial Stadium,,8,114,Austin,15,90,58,15,1,0,0,0,0,1,0,0,0,0,81816,0,0,0,11,0,1,1,0,1,303,238,1,0,1,0,0,5
Kyle Field,The 12th Man,Texas A&M,College Station,TX,82600,FBS,outdoor,variant 1,0,0,0,0,35153,35153,0,0,35153,0,35153,0,0,255,Texas A&M,TX,92,42,156,Kyle Field,The 12th Man,11,113,College Station,15,88,58,15,1,0,0,0,0,1,0,0,4,0,82600,0,0,0,11,0,1,1,0,1,315,235,1,0,1,0,0,5
Lubick Field at Hughes Stadium,,Colorado State,Fort Collins,CO,34400,FBS,outdoor,variant 1,0,0,0,0,0,0,0,0,0,0,0,0,0,255,Colorado State,CO,22,5,29,Lubick Field at Hughes Stadium,,46,27,Fort Collins,6,74,17,6,1,0,0,0,0,1,0,0,0,0,34400,0,0,0,25,0,0,1,0,1,248,128,1,0,1,0,0,7
Robertson Stadium,,Texas Southern,Houston,TX,33000,FCS,outdoor,variant 1,0,0,0,0,0,0,0,0,0,0,0,0,-1,255,Texas Southern,TX,140,42,157,Robertson Stadium,,127,115,Houston,15,88,61,15,0,0,0,0,0,0,0,0,0,0,33000,0,0,0,11,0,1,1,0,0,325,243,1,0,1,0,0,5
Bobcat Stadium,,Texas State,San Marcos,TX,15218,FCS,outdoor,turf,0,0,0,0,0,0,0,0,0,0,0,0,-1,255,Texas State,TX,229,42,158,Bobcat Stadium,,127,222,San Marcos,15,87,54,15,0,0,0,0,0,0,0,0,0,0,15218,0,4,5,5,0,1,0,0,0,301,246,4,0,1,0,0,5
Jones AT&T Stadium,,Texas Tech,Lubbock,TX,52882,FBS,outdoor,turf,0,0,0,0,1,63689,0,0,63689,0,1,0,0,255,Texas Tech,TX,93,42,159,Jones AT&T Stadium,,59,120,Lubbock,15,82,52,15,1,0,0,0,0,1,0,0,0,0,52882,0,0,0,11,0,1,1,0,0,271,200,4,0,1,0,0,5
Johnson Hagood Stadium,,The Citadel,Charleston,SC,21000,FCS,outdoor,grass,0,0,0,0,0,0,0,0,0,0,0,0,-1,255,The Citadel,SC,200,39,160,Johnson Hagood Stadium,,127,194,Charleston,8,90,55,5,0,0,0,0,0,0,0,0,0,3,21000,0,10,8,5,0,1,0,0,0,447,183,0,0,1,0,0,4
Glass Bowl,,Toledo,Toledo,OH,26248,FBS,outdoor,turf,0,0,0,0,0,0,0,0,0,0,0,0,0,255,Toledo,OH,94,34,161,Glass Bowl,,60,116,Toledo,19,74,6,19,1,0,0,0,0,1,0,0,4,0,26248,0,0,0,8,0,1,1,0,0,397,105,4,0,1,0,0,6
Johnny Unitas1 Stadium,,Towson,Towson,MD,11198,FCS,outdoor,variant 2,0,0,0,0,0,0,0,0,0,0,0,0,-1,255,Towson,MD,239,19,162,Johnny Unitas1 Stadium,,127,232,Towson,20,79,17,20,0,0,0,0,0,0,0,0,0,0,11198,0,4,5,5,0,1,0,0,0,451,106,2,0,1,0,0,4
Movie Gallery Stadium,,Troy,Troy,AL,30000,FBS,outdoor,turf,0,0,0,0,0,0,0,0,0,0,0,0,-1,255,Troy,AL,142,0,163,Movie Gallery Stadium,,81,117,Troy,29,86,56,29,0,0,0,0,0,1,0,0,0,0,30000,0,0,0,5,0,1,1,0,0,400,208,4,0,1,0,0,7
Louisiana Superdome0,,Tulane,New Orleans,LA,76791,FBS,indoor,turf,0,0,0,0,0,0,0,0,0,0,0,0,-1,255,Tulane,LA,95,17,164,Louisiana Superdome0,,109,118,New Orleans,0,68,68,0,0,0,0,0,0,1,0,0,0,3,76791,0,0,0,0,-1,1,1,0,0,370,236,4,0,1,0,0,0
Skelly Stadium,,Tulsa,Tulsa,OK,34058,FBS,outdoor,turf,0,0,0,0,0,0,0,0,0,0,0,0,-1,255,Tulsa,OK,96,35,165,Skelly Stadium,,107,119,Tulsa,18,83,21,18,0,0,0,0,0,1,0,0,0,0,34058,0,0,0,31,0,0,1,1,1,316,174,4,0,1,0,0,6
Legion Field,,UAB,Birmingham,AL,73000,FBS,outdoor,turf,0,0,0,0,0,0,0,0,0,0,0,0,-1,255,UAB,AL,97,0,166,Legion Field,,97,121,Birmingham,29,83,51,29,0,0,0,0,0,1,0,0,0,0,73000,0,0,0,5,0,0,1,1,0,391,193,4,0,1,0,0,7
UCF Stadium,,UCF,Orlando,FL,65438,FBS,outdoor,grass,0,0,0,0,0,0,0,0,0,0,0,0,0,255,UCF,FL,17,8,167,UCF Stadium,,92,122,Orlando,26,89,70,26,0,0,0,0,0,1,0,0,4,1,65438,0,0,0,4,0,1,1,0,0,448,234,0,0,1,0,0,6
UCLA Stadium,,UCLA,Pasadena,CA,95000,FBS,outdoor,variant 1,0,0,0,0,811,811,0,0,50375,0,50375,0,-1,255,UCLA,CA,98,4,168,UCLA Stadium,,37,123,Pasadena,9,87,68,9,0,0,0,0,0,1,0,0,0,3,95000,0,0,0,15,0,0,1,0,0,143,169,1,0,1,0,0,4
Cajun Field,,UL Lafayette,Lafayette,LA,31000,FBS,outdoor,grass,0,0,0,0,0,0,0,0,0,0,0,0,0,255,UL Lafayette,LA,85,17,169,Cajun Field,,113,125,Lafayette,28,86,60,28,1,0,0,0,0,1,0,0,0,0,31000,0,0,0,4,0,1,1,1,0,353,235,0,0,1,0,0,6
Malone Stadium,,UL Monroe,Monroe,LA,30427,FBS,outdoor,grass,0,0,0,0,0,0,0,0,0,0,0,0,0,255,UL Monroe,LA,64,17,170,Malone Stadium,,114,126,Monroe,28,86,53,28,1,0,0,0,0,1,0,0,0,0,30427,0,0,0,4,0,1,1,0,0,351,212,0,0,1,0,0,6
McGuirk Alumni Stadium,,UMass,Amherst,MA,17000,FCS,outdoor,grass,0,0,38913,38913,38913,38913,0,0,38913,0,38913,0,-1,255,UMass,MA,192,20,171,McGuirk Alumni Stadium,,127,186,Amherst,25,76,14,2,0,0,0,0,0,0,0,0,0,0,17000,0,4,30,5,0,1,0,0,0,464,66,0,0,1,0,0,4
UNI Dome,,UNI,Cedar Falls,IA,16324,FCS,indoor,variant 2,0,0,0,0,0,0,0,0,0,0,0,0,-1,255,UNI,IA,218,14,172,UNI Dome,,127,211,Cedar Falls,0,72,72,0,0,0,0,0,0,0,1,0,0,0,16324,0,0,0,0,-1,1,0,1,0,337,107,2,0,1,0,0,0
Sam Boyd Stadium,,UNLV,Las Vegas,NV,40000,FBS,outdoor,turf,0,0,0,0,0,0,0,0,0,0,0,0,-1,255,UNLV,NV,100,27,173,Sam Boyd Stadium,,86,127,Las Vegas,4,94,57,4,0,0,0,0,0,1,0,0,4,0,40000,0,0,0,10,0,1,1,0,1,170,156,4,0,1,0,0,7
USC Stadium,The Coliseum,USC,Los Angeles,CA,92000,FBS,outdoor,variant 1,0,0,0,0,0,0,0,0,0,0,0,0,-1,255,USC,CA,101,4,174,USC Stadium,The Coliseum,7,128,Los Angeles,9,82,67,9,0,0,0,0,0,1,1,0,11,3,92000,0,0,0,15,0,0,1,0,1,142,171,1,0,1,0,0,4
Raymond James Stadium1,,USF,Tampa,FL,66321,FBS,outdoor,grass,0,0,0,0,0,0,0,0,0,0,0,0,-1,255,USF,FL,143,8,175,Raymond James Stadium1,,80,129,Tampa,26,89,69,26,0,0,0,0,0,1,0,0,0,3,66321,0,0,0,4,0,1,1,0,1,442,241,0,0,1,0,0,6
Rice-Eccles Stadium,,Utah,Salt Lake City,UT,45634,FBS,outdoor,turf,0,0,0,0,0,0,0,0,0,0,0,0,0,255,Utah,UT,102,43,176,Rice-Eccles Stadium,,50,131,Salt Lake City,6,79,12,6,1,0,0,0,0,1,0,0,0,3,45634,0,0,0,9,0,0,1,1,1,204,115,4,0,1,0,0,-8
E.L. Romney Stadium,,Utah State,Logan,UT,30257,FBS,outdoor,variant 5,0,0,0,0,0,0,0,0,0,0,0,0,0,255,Utah State,UT,103,43,177,E.L. Romney Stadium,,106,130,Logan,6,76,6,6,1,0,0,0,0,1,0,0,0,0,30257,0,0,0,9,0,0,1,1,0,205,107,5,0,1,0,0,-8
Sun Bowl,,UTEP,El Paso,TX,52000,FBS,outdoor,turf,0,0,0,0,0,0,0,0,0,0,0,0,-1,255,UTEP,TX,104,42,178,Sun Bowl,,72,132,El Paso,15,87,56,15,0,0,0,0,0,1,0,0,0,0,52000,0,0,0,11,0,1,1,1,1,232,220,4,0,1,0,0,5
Vanderbilt Stadium,,Vanderbilt,Nashville,TN,41448,FBS,outdoor,grass,0,0,0,0,0,0,0,0,0,0,0,0,-1,255,Vanderbilt,TN,105,41,179,Vanderbilt Stadium,,100,133,Nashville,25,82,21,25,0,0,0,0,0,1,0,0,4,0,41448,0,0,0,12,0,1,1,1,1,385,165,0,0,1,0,0,6
Villanova Stadium,,Villanova,Villanova,PA,12000,FCS,outdoor,turf,0,0,0,0,0,0,0,0,0,0,0,0,-1,255,Villanova,PA,197,37,180,Villanova Stadium,,127,191,Villanova,15,78,21,5,0,0,0,0,0,0,0,0,0,0,12000,0,10,10,21,0,1,0,0,0,453,96,4,0,1,0,0,4
Scott Stadium,,Virginia,Charlottesville,VA,61500,FBS,outdoor,grass,0,0,0,0,51215,51215,0,0,51215,0,51215,0,-1,255,Virginia,VA,106,45,181,Scott Stadium,,33,135,Charlottesville,21,78,19,21,0,0,0,0,0,1,0,0,15,0,61500,0,0,0,14,0,0,1,0,1,443,127,0,0,1,0,0,4
Fouts Field,,North Texas,Denton,TX,30500,FBS,outdoor,turf,0,0,0,0,0,0,0,0,0,0,0,0,0,255,North Texas,TX,63,42,108,Fouts Field,,93,85,Denton,15,86,53,15,1,0,0,0,0,1,0,0,0,0,30500,0,0,0,11,0,1,1,0,0,307,207,4,0,1,0,0,5
Parsons Field,,Northeastern,Boston,MA,7000,FCS,outdoor,variant 2,0,0,0,0,0,0,0,0,0,0,0,0,-1,255,Northeastern,MA,194,20,109,Parsons Field,,127,188,Boston,25,74,11,2,0,0,0,0,0,0,0,0,0,0,7000,0,4,30,5,0,1,0,0,0,473,62,2,0,1,0,0,4
J. Lawrence Walkup Skydome,,Northern Arizona,Flagstaff,AZ,16230,FCS,indoor,variant 2,0,0,0,0,0,0,0,0,0,0,0,0,-1,255,Northern Arizona,AZ,212,2,110,J. Lawrence Walkup Skydome,,127,205,Flagstaff,0,72,72,0,0,0,0,0,0,0,1,0,0,0,16230,0,0,0,0,-1,1,0,0,0,193,173,2,0,1,0,0,0
Huskie Stadium,The Doghouse,Northern Illinois,DeKalb,IL,31000,FBS,outdoor,turf,0,0,0,0,0,0,0,0,0,0,0,0,0,255,Northern Illinois,IL,65,12,111,Huskie Stadium,The Doghouse,78,80,DeKalb,18,74,2,18,1,0,0,0,0,1,0,0,0,0,31000,0,0,0,16,0,1,1,1,0,362,110,4,0,1,0,0,5
Ryan Field,,Northwestern,Evanston,IL,49256,FBS,outdoor,variant 5,0,0,0,0,0,0,0,0,0,0,0,0,-1,255,Northwestern,IL,66,12,112,Ryan Field,,83,83,Evanston,18,74,5,18,0,0,0,0,0,1,0,0,0,0,49256,0,0,0,16,0,0,1,1,0,368,108,5,0,1,0,0,5
Turpin Stadium,,Northwestern St,Natchitoches,LA,15971,FCS,outdoor,turf,0,0,0,0,0,0,0,0,0,0,0,0,-1,255,Northwestern St,LA,225,17,113,Turpin Stadium,,127,218,Natchitoches,28,87,55,28,0,0,0,0,0,0,0,0,0,0,15971,0,4,5,5,0,1,0,1,0,345,220,4,0,1,0,0,6
Notre Dame Stadium,,Notre Dame,Notre Dame,IN,80225,FBS,outdoor,grass,0,0,0,0,0,0,0,0,0,0,0,0,-1,255,Notre Dame,IN,67,13,114,Notre Dame Stadium,,14,84,Notre Dame,20,74,6,20,0,0,0,0,0,1,0,0,0,3,80225,0,0,0,15,0,0,1,0,0,380,109,0,0,1,0,0,5
Peden Stadium,,Ohio,Athens,OH,24000,FBS,outdoor,turf,0,0,0,0,0,0,0,0,0,0,0,0,0,255,Ohio,OH,68,34,115,Peden Stadium,,91,87,Athens,19,77,14,19,1,0,0,0,0,1,0,0,0,0,24000,0,0,0,8,0,1,1,1,0,412,123,4,0,1,0,0,6
Ohio Stadium,The Horseshoe,Ohio State,Columbus,OH,101568,FBS,outdoor,grass,0,0,0,0,0,0,0,0,0,0,0,0,-1,255,Ohio State,OH,69,34,116,Ohio Stadium,The Horseshoe,2,86,Columbus,19,76,10,19,0,0,0,0,0,1,0,0,11,3,101568,0,0,0,8,0,1,1,1,1,405,119,0,0,1,0,0,6
Gaylord - Oklahoma Memorial,,Oklahoma,Norman,OK,82112,FBS,outdoor,variant 1,0,0,41299,41299,41299,41299,0,0,41299,0,41299,0,0,255,Oklahoma,OK,70,35,117,Gaylord - Oklahoma Memorial,,18,88,Norman,18,86,25,18,0,0,0,0,0,1,0,0,0,2,82112,0,0,0,31,0,1,1,0,1,304,185,1,0,1,0,0,6
Boone Pickens Stadium,,Oklahoma State,Stillwater,OK,50614,FBS,outdoor,turf,0,0,0,0,49927,49927,0,0,49927,0,49927,0,0,255,Oklahoma State,OK,71,35,118,Boone Pickens Stadium,,71,89,Stillwater,18,83,21,18,1,0,0,0,0,1,1,0,0,0,50614,0,0,0,31,0,1,1,0,1,306,176,4,0,1,0,0,6
Vaught-Hemingway Stadium,,Ole Miss,Oxford,MS,60850,FBS,outdoor,turf,0,0,0,0,55315,10789,0,0,10789,0,55315,0,-1,255,Ole Miss,MS,72,23,119,Vaught-Hemingway Stadium,,44,90,Oxford,28,83,24,28,0,0,0,0,0,1,0,0,6,0,60850,0,0,0,4,0,0,1,0,1,368,189,4,0,1,0,0,7
Autzen Stadium,The Autzen Zoo,Oregon,Eugene,OR,53800,FBS,outdoor,variant 5,0,0,0,0,0,0,0,0,0,0,0,0,-1,4,Oregon,OR,73,36,120,Autzen Stadium,The Autzen Zoo,13,91,Eugene,23,76,22,23,0,0,0,0,0,1,0,0,11,2,53800,60,25,15,18,0,1,1,0,1,145,57,5,0,1,0,0,7
Reser Stadium,,Oregon State,Corvallis,OR,43300,FBS,outdoor,turf,0,0,0,0,0,0,0,0,0,0,0,0,0,255,Oregon State,OR,74,36,121,Reser Stadium,,65,92,Corvallis,23,75,21,23,1,0,0,0,0,1,0,0,0,0,43300,0,0,0,18,0,0,1,1,1,144,52,4,0,1,0,0,7
Franklin Field,,Penn,Philadelphia,PA,52593,FCS,outdoor,turf,0,0,0,0,0,0,0,0,0,0,0,0,-1,255,Penn,PA,135,37,122,Franklin Field,,127,94,Philadelphia,20,77,13,20,0,0,0,0,0,0,0,0,0,0,52593,0,10,10,21,0,1,1,1,0,454,97,4,0,1,0,0,5
Beaver Stadium,Happy Valley,Penn State,University Park,PA,107282,FBS,outdoor,grass,0,0,275,275,275,275,0,0,275,0,275,0,-1,255,Penn State,PA,75,37,123,Beaver Stadium,Happy Valley,4,93,University Park,20,72,8,20,0,0,0,0,0,1,0,0,10,3,107282,0,10,10,21,0,1,1,1,1,437,98,0,0,1,0,0,5
Heinz Field0,,Pittsburgh,Pittsburgh,PA,65000,FBS,outdoor,grass,0,0,0,0,0,0,0,0,0,0,0,0,-1,255,Pittsburgh,PA,76,37,124,Heinz Field0,,63,95,Pittsburgh,20,74,9,20,0,0,0,0,0,1,0,0,0,0,65000,0,10,10,21,0,1,1,0,0,424,106,0,0,1,0,0,5
PGE Park,,Portland State,Portland,OR,20044,FCS,outdoor,variant 2,0,0,0,0,0,0,0,0,0,0,0,0,-1,255,Portland State,OR,213,36,125,PGE Park,,127,206,Portland,15,70,21,12,0,0,0,0,0,0,0,0,0,0,20044,0,10,15,5,0,1,0,0,1,152,47,2,0,1,0,0,4
Blackshear Field,,Prairie View A&M,Prairie View,TX,6000,FCS,outdoor,variant 1,0,0,0,0,0,0,0,0,0,0,0,0,-1,255,Prairie View A&M,TX,136,42,126,Blackshear Field,,127,96,Prairie View,15,89,58,15,0,0,0,0,0,0,0,0,0,0,6000,0,0,0,11,0,1,1,0,0,318,241,1,0,1,0,0,5
Princeton Stadium,,Princeton,Princeton,NJ,27773,FCS,outdoor,turf,0,0,0,0,0,0,0,0,0,0,0,0,-1,255,Princeton,NJ,137,29,127,Princeton Stadium,,127,97,Princeton,21,76,13,21,0,0,0,0,0,0,0,0,0,0,27773,0,0,0,9,0,1,1,0,1,459,94,4,0,1,0,0,6
Ross-Ade Stadium,,Purdue,West Lafayette,IN,62500,FBS,outdoor,grass,0,0,0,0,37905,1,0,0,1,0,37905,0,-1,2,Purdue,IN,77,13,128,Ross-Ade Stadium,,32,98,West Lafayette,20,77,7,20,0,0,0,0,0,1,0,0,11,3,62500,0,0,0,15,0,1,1,0,1,379,122,0,0,1,0,0,5
Meade Stadium,,Rhode Island,Kingston,RI,6470,FCS,outdoor,grass,0,0,0,0,0,0,0,0,0,0,0,0,-1,255,Rhode Island,RI,195,38,129,Meade Stadium,,127,189,Kingston,25,74,11,2,0,0,0,0,0,0,0,0,0,0,6470,0,4,30,5,0,1,0,1,0,473,72,0,0,1,0,0,4
Rice Stadium,,Rice,Houston,TX,72000,FBS,outdoor,turf,0,0,0,0,0,0,0,0,0,0,0,0,-1,255,Rice,TX,78,42,130,Rice Stadium,,99,99,Houston,15,88,61,15,0,0,0,0,0,1,0,0,11,0,72000,0,0,0,11,0,0,1,0,0,325,243,4,0,1,0,0,5
Univ. of Richmond Stadium,,Richmond,Richmond,VA,22000,FCS,outdoor,grass,0,0,0,0,0,0,0,0,0,0,0,0,-1,255,Richmond,VA,196,45,131,Univ. of Richmond Stadium,,127,190,Richmond,15,84,24,5,0,0,0,0,0,0,0,0,0,0,22000,0,10,15,5,0,1,0,1,0,449,129,0,0,1,0,0,4
Rutgers Stadium,,Rutgers,Piscataway,NJ,41500,FBS,outdoor,variant 5,0,0,0,0,0,0,0,0,0,0,0,0,-1,255,Rutgers,NJ,79,29,132,Rutgers Stadium,,103,100,Piscataway,21,76,13,21,1,0,0,0,0,1,0,0,0,0,41500,0,0,0,9,0,0,1,0,1,459,89,5,0,1,0,0,6
Oliver Dawson Bulldog Stadium,,S Carolina State,Orangeburg,SC,22000,FCS,outdoor,grass,0,0,0,0,38925,38925,0,0,38925,0,38925,0,-1,255,S Carolina State,SC,138,39,133,Oliver Dawson Bulldog Stadium,,127,103,Orangeburg,25,84,55,25,0,0,0,0,0,0,0,0,0,0,22000,0,0,0,6,0,1,1,0,0,439,178,0,0,1,0,0,7
Aloha Stadium0,,Hawaii,Honolulu,HI,50000,FBS,outdoor,turf,0,0,0,0,0,0,0,0,0,0,0,0,0,255,Hawaii,HI,31,10,56,Aloha Stadium0,,51,44,Honolulu,11,88,80,11,1,0,0,0,0,1,0,0,0,3,50000,0,0,0,7,0,0,1,0,1,217,282,4,0,1,0,0,4
James M. Shuart Stadium,,Hofstra,Hempstead,NY,15000,FCS,outdoor,variant 2,0,0,0,0,0,0,0,0,0,0,0,0,-1,255,Hofstra,NY,189,31,57,James M. Shuart Stadium,,127,183,Hempstead,20,80,14,5,0,0,0,0,0,0,0,0,0,0,15000,0,5,20,5,0,1,0,0,0,463,85,2,0,1,0,0,4
Robertson Stadium,The Mighty Quinn,Houston,Houston,TX,33000,FBS,outdoor,variant 1,0,0,0,0,0,0,0,0,0,0,0,0,0,255,Houston,TX,32,42,58,Robertson Stadium,The Mighty Quinn,105,45,Houston,15,88,61,15,1,0,0,0,0,1,0,0,0,0,33000,0,0,0,11,0,0,1,1,0,325,243,1,0,1,0,0,5
William H. Greene Stadium,,Howard,Washington,DC,11500,FCS,outdoor,variant 2,0,0,0,0,0,0,0,0,0,0,0,0,-1,255,Howard,DC,129,51,59,William H. Greene Stadium,,127,46,Washington,20,80,18,20,0,0,0,0,0,0,0,0,4,0,11500,0,0,0,25,0,1,1,0,0,447,115,2,0,1,0,0,5
Kibbie Dome,,Idaho,Moscow,ID,17000,FBS,indoor,variant 2,0,0,58693,58693,0,0,0,0,0,0,0,0,-1,255,Idaho,ID,33,11,60,Kibbie Dome,,74,47,Moscow,0,68,68,0,0,0,0,0,0,1,1,0,0,0,17000,0,0,0,0,-1,1,1,0,0,188,50,2,0,1,0,0,7
Holt Arena,,Idaho State,Pocatello,ID,12000,FCS,indoor,variant 2,0,0,0,0,0,0,0,0,0,0,0,0,-1,255,Idaho State,ID,209,11,61,Holt Arena,,127,202,Pocatello,0,72,72,0,0,0,0,0,0,0,1,0,0,0,12000,0,0,0,0,-1,1,0,0,0,204,94,2,0,1,0,0,0
Memorial Stadium,,Illinois,Champaign,IL,70904,FBS,outdoor,turf,0,0,0,0,0,0,0,0,0,0,0,0,-1,255,Illinois,IL,34,12,62,Memorial Stadium,,64,48,Champaign,18,77,7,18,0,0,0,0,0,1,0,0,11,0,70904,0,0,0,16,0,0,1,1,1,367,126,4,0,1,0,0,5
Hancock Stadium,,Illinois State,Normal,IL,15000,FCS,outdoor,turf,0,0,0,0,43075,43075,0,0,43075,0,43075,0,-1,255,Illinois State,IL,216,12,63,Hancock Stadium,,127,209,Normal,15,77,23,4,0,0,0,0,0,0,0,0,0,0,15000,0,4,15,5,0,1,0,1,0,363,125,4,0,1,0,0,4
Memorial Stadium,The House,Indiana,Bloomington,IN,52180,FBS,outdoor,turf,0,0,0,0,0,0,0,0,0,0,0,0,0,255,Indiana,IN,35,13,64,Memorial Stadium,The House,95,49,Bloomington,20,78,12,20,0,0,0,0,0,1,0,0,11,0,52180,0,0,0,15,0,1,1,0,0,383,133,4,0,1,0,0,5
Memorial Stadium,,Indiana State,Terre Haute,IN,12764,FCS,outdoor,turf,0,0,0,0,0,0,0,0,0,0,0,0,-1,255,Indiana State,IN,217,13,65,Memorial Stadium,,127,210,Terre Haute,15,77,23,4,0,0,0,0,0,0,1,0,0,0,12764,0,4,15,5,0,0,0,1,0,377,132,4,0,1,0,0,4
Kinnick Stadium,,Iowa,Iowa City,IA,70397,FBS,outdoor,grass,0,0,0,0,0,0,0,0,0,0,0,0,-1,255,Iowa,IA,36,14,66,Kinnick Stadium,,9,51,Iowa City,16,77,5,16,0,0,0,0,0,1,0,0,11,3,70397,0,0,0,20,0,1,1,0,1,342,114,0,0,1,0,0,6
Jack Trice Stadium,,Iowa State,Ames,IA,45814,FBS,outdoor,grass,0,0,49297,49297,49297,49297,0,0,49297,0,49297,0,0,255,Iowa State,IA,37,14,67,Jack Trice Stadium,,70,50,Ames,16,75,3,16,1,0,0,0,0,1,0,0,0,0,45814,0,0,0,20,0,1,1,0,1,330,113,0,0,1,0,0,6
Jackson State Stadium,,Jackson State,Jackson,MS,62512,FCS,outdoor,grass,0,0,0,0,0,0,0,0,0,0,0,0,-1,255,Jackson State,MS,130,23,68,Jackson State Stadium,,127,52,Jackson,28,88,55,28,0,0,0,0,0,0,0,0,0,0,62512,0,0,0,4,0,1,1,0,0,367,212,0,0,1,0,0,7
Paul Snow Memorial,,Jacksonville State,Jacksonville,AL,15000,FCS,outdoor,grass,0,0,0,0,0,0,0,0,0,0,0,0,-1,255,Jacksonville State,AL,234,0,69,Paul Snow Memorial,,127,227,Jacksonville,29,83,51,29,0,0,0,0,0,0,0,0,0,0,15000,0,4,5,5,0,1,0,1,0,399,189,0,0,1,0,0,7
Bridgeforth Stadium,,James Madison,Harrisonburg,VA,12500,FCS,outdoor,grass,0,0,0,0,0,0,0,0,0,0,0,0,-1,255,James Madison,VA,190,45,70,Bridgeforth Stadium,,127,184,Harrisonburg,15,85,24,10,0,0,0,0,0,0,0,0,0,0,12500,0,8,12,5,0,1,0,0,0,439,123,0,0,1,0,0,4
Memorial Stadium,,Kansas,Lawrence,KS,50250,FBS,outdoor,turf,0,0,0,0,0,0,0,0,0,0,0,0,-1,255,Kansas,KS,38,15,71,Memorial Stadium,,53,53,Lawrence,13,81,15,13,0,0,0,0,0,1,0,0,11,0,50250,0,0,0,23,0,1,1,0,0,318,145,4,0,1,0,0,6
KSU Stadium,,Kansas State,Manhattan,KS,50300,FBS,outdoor,turf,0,0,0,0,0,0,0,0,0,0,0,0,-1,255,Kansas State,KS,39,15,72,KSU Stadium,,27,54,Manhattan,13,80,14,13,0,0,0,0,0,1,0,0,0,0,50300,0,0,0,23,0,0,1,1,1,309,144,4,0,1,0,0,6
Dix Stadium,,Kent State,Kent,OH,30520,FBS,outdoor,turf,0,0,0,0,0,0,0,0,0,0,0,0,-1,255,Kent State,OH,40,34,73,Dix Stadium,,101,56,Kent,19,73,8,19,0,0,0,0,0,1,0,0,0,0,30520,0,0,0,8,0,1,1,0,0,412,105,4,0,1,0,0,6
Commonwealth Stadium,,Kentucky,Lexington,KY,67530,FBS,outdoor,grass,0,0,0,0,0,0,0,0,0,0,0,0,-1,255,Kentucky,KY,41,16,74,Commonwealth Stadium,,67,55,Lexington,23,78,15,23,0,0,0,0,0,1,1,0,2,0,67530,0,0,0,8,0,1,1,0,1,397,140,0,0,1,0,0,5
Joe Aillet Stadium,,Louisiana Tech,Ruston,LA,30600,FBS,outdoor,grass,0,0,0,0,0,0,0,0,0,0,0,0,-1,255,Louisiana Tech,LA,42,17,75,Joe Aillet Stadium,,90,57,Ruston,28,86,55,28,0,0,0,0,0,1,0,0,11,0,30600,0,0,0,4,0,1,1,1,0,347,212,0,0,1,0,0,6
Papa John's Cardinal Stadium,,Louisville,Louisville,KY,45000,FBS,outdoor,turf,0,0,40961,40961,40961,40961,0,0,40961,0,40961,0,-1,4,Louisville,KY,43,16,76,Papa John's Cardinal Stadium,,24,58,Louisville,23,80,16,23,0,0,0,0,0,1,0,0,0,3,45000,0,0,0,8,0,1,1,0,0,390,142,4,0,1,0,0,5
Tiger Stadium,Death Valley,LSU,Baton Rouge,LA,92300,FBS,outdoor,grass,0,0,0,0,0,0,0,0,0,0,0,0,-1,255,LSU,LA,44,17,77,Tiger Stadium,Death Valley,3,59,Baton Rouge,28,87,59,28,0,0,0,0,0,1,0,0,8,0,92300,0,0,0,4,0,1,1,1,1,360,233,0,0,1,0,0,6
Harold Alfond Sports Stadium,,Maine,Orono,ME,10000,FCS,outdoor,variant 2,0,0,0,0,0,0,0,0,0,0,0,0,-1,255,Maine,ME,191,18,78,Harold Alfond Sports Stadium,,127,185,Orono,25,74,11,2,0,0,0,0,0,0,0,0,0,0,10000,0,8,25,5,0,1,0,0,0,476,34,2,0,1,0,0,4
Joan C. Edwards Stadium,,Marshall,Huntington,WV,38019,FBS,outdoor,turf,0,0,0,0,0,0,0,0,0,0,0,0,-1,255,Marshall,WV,45,47,79,Joan C. Edwards Stadium,,47,60,Huntington,21,78,16,21,0,0,0,0,0,1,0,0,0,2,38019,0,0,0,22,0,1,1,1,1,414,132,4,0,1,0,0,5
Byrd Stadium,,Maryland,College Park,MD,51500,FBS,outdoor,grass,0,0,0,0,40961,40961,0,0,40961,0,40961,0,0,255,Maryland,MD,46,19,80,Byrd Stadium,,57,61,College Park,20,79,17,20,1,0,0,0,0,1,1,0,0,3,51500,0,0,0,8,0,1,1,0,0,450,113,0,0,1,0,0,4
Cowboy Stadium,,McNeese State,Lake Charles,LA,17410,FCS,outdoor,grass,0,0,0,0,0,0,0,0,0,0,0,0,-1,255,McNeese State,LA,224,17,81,Cowboy Stadium,,127,217,Lake Charles,28,87,55,28,0,0,0,0,0,0,0,0,0,0,17410,0,4,5,5,0,1,0,0,0,344,238,0,0,1,0,0,6
Champs Sports Bowl,,Champs Sports Bowl,Orlando,FL,65438,neutral,outdoor,grass,0,0,0,0,0,0,0,0,0,0,0,0,-1,255,Champs Sports Bowl,FL,162,8,208,Champs Sports Bowl,,127,160,Orlando,26,89,70,26,0,0,0,0,0,0,0,0,0,2,65438,0,0,0,4,0,1,0,0,1,448,234,0,0,0,0,0,6
Georgia Dome1,,Chick-fil-A Bowl,Atlanta,GA,71228,neutral,indoor,turf,0,0,0,0,1,1,0,0,1,0,1,0,-1,255,Chick-fil-A Bowl,GA,170,9,209,Georgia Dome1,,127,168,Atlanta,0,68,68,0,0,0,0,0,0,0,0,0,0,3,71228,0,0,0,0,-1,1,0,0,1,411,185,4,0,0,0,0,0
Emerald Bowl,,Emerald Bowl,San Francisco,CA,42000,neutral,outdoor,variant 1,0,0,0,0,0,0,0,0,0,0,0,0,-1,255,Emerald Bowl,CA,145,4,210,Emerald Bowl,,127,145,San Francisco,11,73,55,11,0,0,0,0,0,0,0,0,0,3,42000,0,0,0,7,0,1,0,0,1,124,123,1,0,0,0,0,4
Sun Devil0 Stadium,,Fiesta Bowl,Tempe,AZ,73379,neutral,outdoor,variant 1,0,0,0,0,0,0,0,0,0,0,0,0,-1,255,Fiesta Bowl,AZ,150,2,211,Sun Devil0 Stadium,,127,150,Tempe,5,99,67,5,0,0,0,0,0,1,0,0,0,3,73379,0,0,0,7,0,1,0,0,1,190,190,1,0,0,0,0,-8
Amon G. Carter Stadium,,Fort Worth Bowl,Fort Worth,TX,46000,neutral,outdoor,grass,0,0,0,0,0,0,0,0,0,0,0,0,-1,255,Fort Worth Bowl,TX,167,42,212,Amon G. Carter Stadium,,127,165,Fort Worth,15,87,53,15,0,0,0,0,0,0,0,0,4,0,46000,0,0,0,11,0,1,1,0,1,306,211,0,0,0,0,0,5
ALLTEL Stadium0,,Gator Bowl,Jacksonville,FL,73000,neutral,outdoor,grass,0,0,0,0,0,0,0,0,0,0,0,0,-1,255,Gator Bowl,FL,153,8,213,ALLTEL Stadium0,,127,152,Jacksonville,26,87,64,26,0,0,0,0,0,0,0,0,0,3,73000,0,0,0,4,0,1,0,0,1,442,215,0,0,0,0,0,6
GMAC Bowl,,GMAC Bowl,Mobile,AL,40646,neutral,outdoor,turf,0,0,0,0,0,0,0,0,0,0,0,0,-1,255,GMAC Bowl,AL,163,0,214,GMAC Bowl,,127,161,Mobile,29,86,59,29,0,0,0,0,0,0,0,0,0,3,40646,0,0,0,5,0,1,0,0,1,387,224,4,0,0,0,0,7
Aloha Stadium0,,Hawaii Bowl,Honolulu,HI,50000,neutral,outdoor,turf,0,0,0,0,0,0,0,0,0,0,0,0,-1,255,Hawaii Bowl,HI,185,10,215,Aloha Stadium0,,127,180,Honolulu,11,88,80,11,0,0,0,0,0,0,0,0,0,3,50000,0,0,0,7,0,1,1,0,1,217,282,4,0,0,0,0,4
QUALCOMM Stadium0,,Holiday Bowl,San Diego,CA,71400,neutral,outdoor,variant 1,0,0,407,407,407,61643,0,0,61643,0,407,0,-1,255,Holiday Bowl,CA,180,4,216,QUALCOMM Stadium0,,127,153,San Diego,9,77,65,9,0,0,0,0,0,0,0,0,0,3,71400,0,0,0,15,0,0,0,0,1,146,183,1,0,0,0,0,4
Reliant Stadium0,,Houston Bowl,Houston,TX,69500,neutral,indoor,variant 1,0,0,0,0,0,0,0,0,0,0,0,0,-1,255,Houston Bowl,TX,152,42,217,Reliant Stadium0,,127,151,Houston,0,68,68,0,0,0,0,0,0,0,0,0,0,3,69500,0,0,0,0,-1,1,0,0,1,325,243,1,0,0,0,0,5
Independence Stadium,,Independence Bowl,Shreveport,LA,50832,neutral,outdoor,turf,0,0,0,0,0,0,0,0,0,0,0,0,-1,255,Independence Bowl,LA,157,17,218,Independence Stadium,,127,155,Shreveport,28,87,55,28,0,0,0,0,0,0,0,0,0,3,50832,0,0,0,4,0,1,0,0,1,338,213,4,0,0,0,0,6
Insight Bowl,,Insight Bowl,Phoenix,AZ,57803,neutral,outdoor,variant 1,0,0,0,0,51403,1,0,0,51403,0,1,0,-1,255,Insight Bowl,AZ,158,2,219,Insight Bowl,,127,156,Phoenix,5,98,65,5,0,0,0,0,0,0,0,0,0,3,57803,0,0,0,7,0,1,0,0,1,189,190,1,0,0,0,0,-8
Sam Boyd Stadium,,Las Vegas Bowl,Las Vegas,NV,40000,neutral,outdoor,variant 1,0,0,0,0,0,0,0,0,0,0,0,0,-1,255,Las Vegas Bowl,NV,159,27,220,Sam Boyd Stadium,,127,157,Las Vegas,4,94,57,4,0,0,0,0,0,0,0,0,0,0,40000,0,0,0,10,0,1,0,0,1,170,156,1,0,0,0,0,7
Alamodome,,MasterCard Alamo Bowl,San Antonio,TX,65000,neutral,indoor,turf,0,0,0,0,0,0,0,0,0,0,0,0,-1,255,MasterCard Alamo Bowl,TX,144,42,221,Alamodome,,127,144,San Antonio,0,68,68,0,0,0,0,0,0,0,0,0,0,3,65000,0,0,0,0,-1,1,0,0,1,297,247,4,0,0,0,0,5
Bank of America Stadium,,Meineke Car Care Bowl,Charlotte,NC,73250,neutral,outdoor,grass,0,0,0,0,0,0,0,0,0,0,0,0,-1,255,Meineke Car Care Bowl,NC,186,32,222,Bank of America Stadium,,127,181,Charlotte,11,81,25,11,0,0,0,0,0,0,0,0,0,3,73250,0,0,0,7,0,1,1,0,1,432,161,0,0,0,0,0,4
Ford Field,,Motor City Bowl,Detroit,MI,65000,neutral,indoor,turf,0,0,0,0,0,0,0,0,0,0,0,0,-1,255,Motor City Bowl,MI,164,21,223,Ford Field,,127,162,Detroit,0,68,68,0,0,0,0,0,0,0,0,0,0,3,65000,0,0,0,0,-1,1,0,0,1,397,95,4,0,0,0,0,0
Bronco Stadium,,MPC Computers Bowl,Boise,ID,30000,neutral,outdoor,variant 3,0,0,0,0,0,0,0,0,0,0,0,0,-1,255,MPC Computers Bowl,ID,156,11,224,Bronco Stadium,,127,154,Boise,6,77,12,6,0,0,0,0,0,0,0,0,3,0,30000,0,0,0,30,0,1,0,1,1,185,79,3,0,0,0,0,7
Music City Bowl,,Music City Bowl,Nashville,TN,67000,neutral,outdoor,grass,0,0,0,0,0,0,0,0,0,0,0,0,-1,255,Music City Bowl,TN,165,41,225,Music City Bowl,,127,163,Nashville,25,82,21,25,0,0,0,0,0,0,0,0,0,3,67000,0,0,0,12,0,1,0,0,1,385,165,0,0,0,0,0,6
Louisiana Superdome0,,New Orleans Bowl,New Orleans,LA,76791,neutral,indoor,turf,0,0,0,0,0,0,0,0,0,0,0,0,-1,255,New Orleans Bowl,LA,166,17,226,Louisiana Superdome0,,127,164,New Orleans,0,68,68,0,0,0,0,0,0,0,0,0,0,3,76791,0,0,0,0,-1,0,0,0,1,370,236,4,0,0,0,0,0
Dolphin Stadium,,Orange Bowl1,Miami,FL,75192,neutral,outdoor,grass,0,0,0,0,54089,0,0,0,0,0,10591,0,-1,255,Orange Bowl1,FL,168,8,227,Dolphin Stadium,,127,166,Miami,26,87,75,26,0,0,0,0,0,0,1,0,0,3,75192,85,15,0,4,0,1,1,0,1,466,258,0,0,0,0,0,6
Raymond James Stadium1,,Outback Bowl,Tampa,FL,66321,neutral,outdoor,grass,0,0,0,0,0,0,0,0,0,0,0,0,-1,255,Outback Bowl,FL,169,8,228,Raymond James Stadium1,,127,167,Tampa,26,89,69,26,0,0,0,0,0,0,0,0,0,3,66321,0,0,0,4,0,1,0,0,1,442,241,0,0,0,0,0,6
QUALCOMM Stadium0,,Poinsettia Bowl,San Diego,CA,30578,neutral,outdoor,variant 1,0,0,407,407,407,61643,0,0,61643,0,407,0,-1,255,Poinsettia Bowl,CA,175,4,229,QUALCOMM Stadium0,,127,172,San Diego,9,77,65,9,0,0,0,0,0,0,0,0,0,3,30578,0,0,0,15,0,0,0,0,1,146,183,1,0,0,0,0,4
Rose Bowl,,Rose Bowl,Pasadena,CA,102083,neutral,outdoor,variant 1,0,0,0,0,0,0,0,0,0,0,0,0,-1,255,Rose Bowl,CA,173,4,230,Rose Bowl,,127,170,Pasadena,9,87,68,9,0,0,0,0,0,0,0,0,0,3,102083,0,0,0,15,0,1,0,0,1,143,169,1,0,0,0,0,4
Cotton Bowl,,AT&T Cotton Bowl,Dallas,TX,68252,neutral,outdoor,grass,0,0,47239,47239,47239,47239,0,0,47239,0,47239,0,-1,255,AT&T Cotton Bowl,TX,148,42,231,Cotton Bowl,,127,148,Dallas,15,87,54,15,0,0,0,0,0,0,0,0,0,3,68252,0,0,0,11,0,1,0,0,1,313,210,0,0,0,0,0,5
Louisiana Superdome0,,Sugar Bowl,New Orleans,LA,76791,neutral,indoor,turf,0,0,0,0,0,0,0,0,0,0,0,0,-1,255,Sugar Bowl,LA,176,17,232,Louisiana Superdome0,,127,173,New Orleans,0,68,68,0,0,0,0,0,0,0,0,0,0,3,76791,0,0,0,0,-1,0,0,0,1,370,236,4,0,0,0,0,0
Sun Bowl,,Sun Bowl,El Paso,TX,52000,neutral,outdoor,turf,0,0,0,0,0,0,0,0,0,0,0,0,-1,255,Sun Bowl,TX,177,42,233,Sun Bowl,,127,174,El Paso,15,87,56,15,0,0,0,0,0,0,0,0,0,0,52000,0,0,0,11,0,1,0,1,1,232,220,4,0,0,0,0,5
Lawrence A. Wien Stadium,,Columbia,New York,NY,17000,FCS,outdoor,variant 5,0,0,0,0,0,0,0,0,0,0,0,0,-1,255,Columbia,NY,121,31,30,Lawrence A. Wien Stadium,,127,28,New York,20,76,14,20,0,0,0,0,0,0,0,0,0,0,17000,0,0,0,26,0,1,1,1,0,460,84,5,0,1,0,0,4
Rentschler Field,,Connecticut,East Hartford,CT,40000,FBS,outdoor,grass,0,0,0,0,0,0,0,0,0,0,0,0,-1,255,Connecticut,CT,99,6,31,Rentschler Field,,79,124,East Hartford,21,71,8,21,0,0,0,0,0,1,0,0,0,0,40000,0,0,0,13,0,0,1,0,1,467,72,0,0,1,0,0,5
Schoellkopf Field,,Cornell,Ithaca,NY,25597,FCS,outdoor,variant 2,0,0,0,0,0,0,0,0,0,0,0,0,-1,255,Cornell,NY,122,31,32,Schoellkopf Field,,127,29,Ithaca,20,70,6,20,0,0,0,0,0,0,0,0,0,0,25597,0,0,0,26,0,1,1,0,0,437,78,2,0,1,0,0,4
Memorial Field,,Dartmouth,Hanover,NH,20416,FCS,outdoor,grass,0,0,0,0,0,0,0,0,0,0,0,0,-1,255,Dartmouth,NH,123,28,33,Memorial Field,,127,30,Hanover,34,71,4,34,0,0,0,0,0,0,0,0,0,0,20416,0,0,0,34,0,1,1,1,0,462,54,0,0,1,0,0,6
Delaware Stadium,,Delaware,Newark,DE,22000,FCS,outdoor,grass,0,0,0,0,0,0,0,0,0,0,0,0,-1,255,Delaware,DE,188,7,34,Delaware Stadium,,127,182,Newark,10,85,16,10,0,0,0,0,0,0,0,0,0,0,22000,0,10,5,10,0,1,0,1,0,458,106,0,0,1,0,0,4
Alumni Stadium,,Delaware State,Dover,DE,4200,FCS,outdoor,grass,0,0,0,0,0,0,0,0,0,0,0,0,-1,255,Delaware State,DE,124,7,35,Alumni Stadium,,127,31,Dover,20,80,18,20,0,0,0,0,0,0,0,0,0,0,4200,0,0,0,4,0,1,1,1,0,459,109,0,0,1,0,0,5
Wallace Wade Stadium,,Duke,Durham,NC,33941,FBS,outdoor,grass,0,0,0,0,0,0,0,0,0,0,0,0,-1,255,Duke,NC,23,32,36,Wallace Wade Stadium,,96,32,Durham,24,82,25,24,0,0,0,0,0,1,0,0,4,0,33941,0,0,0,7,0,1,1,0,1,446,148,0,0,1,0,0,6
Woodward Field,,E Washington,Cheney,WA,7000,FCS,outdoor,grass,0,0,0,0,0,0,0,0,0,0,0,0,-1,255,E Washington,WA,208,46,37,Woodward Field,,127,201,Cheney,21,71,16,21,0,0,0,0,0,0,0,0,0,0,7000,0,4,5,20,0,1,0,1,0,184,40,0,0,1,0,0,5
O'Brien Stadium,,Eastern Illinois,Charleston,IL,10000,FCS,outdoor,turf,0,0,0,0,0,0,0,0,0,0,0,0,-1,255,Eastern Illinois,IL,230,12,38,O'Brien Stadium,,127,223,Charleston,15,72,18,4,0,0,0,0,0,0,0,0,0,0,10000,0,4,5,5,0,1,0,0,0,370,132,4,0,1,0,0,4
Roy Kidd Stadium,,Eastern Kentucky,Richmond,KY,20000,FCS,outdoor,grass,0,0,28739,28739,28739,28739,0,0,28739,0,28739,0,-1,255,Eastern Kentucky,KY,232,16,39,Roy Kidd Stadium,,127,225,Richmond,10,80,50,6,0,0,0,0,0,0,0,0,0,0,20000,0,4,5,5,0,1,0,0,0,403,143,0,0,1,0,0,4
Rynearson Stadium,,Eastern Michigan,Ypsilanti,MI,30200,FBS,outdoor,turf,0,0,0,0,0,0,0,0,0,0,0,0,0,255,Eastern Michigan,MI,25,21,40,Rynearson Stadium,,117,34,Ypsilanti,16,74,6,16,1,0,0,0,0,1,0,0,0,0,30200,0,0,0,17,0,1,1,0,0,393,98,4,0,1,0,0,5
Dowdy-Ficklen Stadium,,ECU,Greenville,NC,43000,FBS,outdoor,grass,0,0,0,0,0,0,0,0,0,0,0,0,0,255,ECU,NC,24,32,41,Dowdy-Ficklen Stadium,,56,33,Greenville,24,83,51,24,1,0,0,0,0,1,1,0,11,2,43000,0,0,0,7,0,1,1,0,1,458,146,0,0,1,0,0,6
Rhodes Stadium,,Elon,Elon,NC,8250,FCS,outdoor,grass,0,0,0,0,0,0,0,0,0,0,0,0,-1,255,Elon,NC,202,32,42,Rhodes Stadium,,127,195,Elon,8,85,52,5,0,0,0,0,0,0,0,0,0,0,8250,0,10,8,5,0,1,0,0,0,441,149,0,0,1,0,0,4
FIU Stadium,,FIU,Miami,FL,17000,FBS,outdoor,turf,0,0,0,0,0,0,0,0,0,0,0,0,-1,255,FIU,FL,241,8,43,FIU Stadium,,119,234,Miami,26,87,75,26,0,0,0,0,0,0,0,0,0,0,17000,0,4,5,5,0,1,0,0,0,468,261,4,0,1,0,0,6
Ben Hill Griffin Stadium,The Swamp,Florida,Gainesville,FL,88548,FBS,outdoor,grass,0,0,429,64001,64001,64001,0,0,429,0,429,0,-1,255,Florida,FL,26,8,44,Ben Hill Griffin Stadium,The Swamp,1,36,Gainesville,26,87,65,26,0,0,0,0,0,1,0,0,11,0,88548,0,0,0,4,0,1,1,0,1,440,225,0,0,1,0,0,6
Bragg Memorial Stadium,,Florida A&M,Tallahassee,FL,25500,FCS,outdoor,grass,0,0,0,0,0,0,0,0,0,0,0,0,-1,255,Florida A&M,FL,125,8,45,Bragg Memorial Stadium,,127,35,Tallahassee,26,88,62,26,0,0,0,0,0,0,0,0,6,0,25500,0,0,0,4,0,1,1,0,0,421,219,0,0,1,0,0,6
Lockhart Stadium,,Florida Atlantic,Ft. Lauderdale,FL,20450,FBS,outdoor,grass,0,0,0,0,0,0,0,0,0,0,0,0,-1,255,Florida Atlantic,FL,240,8,46,Lockhart Stadium,,118,233,Ft. Lauderdale,26,87,75,26,0,0,0,0,0,0,0,0,0,0,20450,0,4,5,5,0,1,0,1,0,468,258,0,0,1,0,0,6
Doak Campbell Stadium,,Florida State,Tallahassee,FL,82000,FBS,outdoor,grass,0,0,0,0,0,0,0,0,0,0,0,0,-1,255,Florida State,FL,27,8,47,Doak Campbell Stadium,,10,37,Tallahassee,26,88,62,26,0,0,0,0,0,1,0,0,4,0,82000,0,0,0,4,0,1,1,0,1,421,219,0,0,1,0,0,6
Bulldog Stadium,,Fresno State,Fresno,CA,41031,FBS,outdoor,variant 1,0,0,0,0,55315,55315,0,0,55315,0,55315,0,-1,255,Fresno State,CA,28,4,48,Bulldog Stadium,,61,38,Fresno,9,90,54,9,0,0,0,0,0,1,0,0,16,0,41031,0,0,0,15,0,1,1,0,1,138,138,1,0,1,0,0,4
Paladin Stadium,,Furman,Greenville,SC,16000,FCS,outdoor,grass,0,0,0,0,0,0,0,0,0,0,0,0,-1,255,Furman,SC,203,39,49,Paladin Stadium,,127,196,Greenville,8,85,55,5,0,0,0,0,0,0,0,0,0,0,16000,0,8,8,5,0,1,0,0,0,423,169,0,0,1,0,0,4
Sanford Stadium,Between the Hedges,Georgia,Athens,GA,92028,FBS,outdoor,grass,0,0,0,0,0,0,0,0,0,0,0,0,-1,255,Georgia,GA,29,9,50,Sanford Stadium,Between the Hedges,12,40,Athens,24,82,51,24,0,0,0,0,0,1,1,0,7,0,92028,0,0,0,6,0,1,1,1,1,418,180,0,0,1,0,0,5
Allen E. Paulson Stadium,,Georgia Southern,Statesboro,GA,18000,FCS,outdoor,grass,0,0,0,0,0,0,0,0,0,0,0,0,-1,255,Georgia Southern,GA,204,9,51,Allen E. Paulson Stadium,,127,197,Statesboro,5,90,55,5,0,0,0,0,0,0,0,0,0,0,18000,0,8,5,5,0,1,0,0,1,432,192,0,0,1,0,0,4
Bobby Dodd Stadium,,Georgia Tech,Atlanta,GA,55000,FBS,outdoor,grass,0,0,0,0,0,0,0,0,0,0,0,0,-1,255,Georgia Tech,GA,30,9,52,Bobby Dodd Stadium,,35,39,Atlanta,24,81,50,24,0,0,0,0,0,1,0,0,0,0,55000,0,0,0,6,0,1,1,0,1,411,185,0,0,1,0,0,5
Eddie G. Robinson Stadium,,Grambling State,Grambling,LA,19600,FCS,outdoor,grass,0,0,0,0,0,0,0,0,0,0,0,0,-1,255,Grambling State,LA,126,17,53,Eddie G. Robinson Stadium,,127,41,Grambling,28,86,54,28,0,0,0,0,0,0,0,0,0,0,19600,0,0,0,4,0,1,1,0,0,347,213,0,0,1,0,0,6
Armstrong Field,,Hampton,Hampton,VA,11000,FCS,outdoor,grass,0,0,0,0,0,0,0,0,0,0,0,0,-1,255,Hampton,VA,127,45,54,Armstrong Field,,127,42,Hampton,21,78,22,21,0,0,0,0,0,0,0,0,0,0,11000,0,0,0,14,0,1,1,1,0,458,128,0,0,1,0,0,4
Harvard Stadium,,Harvard,Cambridge,MA,30898,FCS,outdoor,grass,0,0,0,0,0,0,0,0,0,0,0,0,-1,255,Harvard,MA,128,20,55,Harvard Stadium,,127,43,Cambridge,23,72,11,23,0,0,0,0,0,0,0,0,0,0,30898,0,0,0,11,0,1,1,1,0,472,63,0,0,1,0,0,4
EA SPORTS Stadium,,EA SPORTS Stadium,Redwood City,CA,40000,neutral,outdoor,variant 1,0,0,0,0,0,0,0,0,0,0,0,0,-1,255,EA SPORTS Stadium,CA,149,4,234,EA SPORTS Stadium,,127,149,Redwood City,9,81,58,9,0,0,0,0,0,0,0,0,11,3,40000,0,0,0,15,0,1,0,0,1,126,127,1,0,0,0,0,4
Tiburon Stadium,,Tiburon Stadium,Maitland,FL,40000,neutral,outdoor,grass,0,0,0,0,0,0,0,0,0,0,0,0,-1,255,Tiburon Stadium,FL,179,8,235,Tiburon Stadium,,127,175,Maitland,26,89,70,26,0,0,0,0,1,0,0,3,11,3,40000,0,0,0,4,0,1,0,0,1,449,233,0,0,0,1,0,6
Practice Field,,Practice Field,Maitland,FL,0,neutral,indoor,variant 1,0,0,0,0,0,0,0,0,0,0,0,0,-1,255,Practice Field,FL,171,8,236,Practice Field,,127,169,Maitland,0,89,70,0,0,0,0,0,0,0,0,1,0,0,0,0,0,0,4,-1,1,0,0,1,449,233,1,0,1,0,0,6
Practice Drill Field,,Practice Drill Field,Maitland,FL,0,neutral,outdoor,variant 1,0,0,0,0,0,0,0,0,0,0,0,0,-1,255,Practice Drill Field,FL,242,8,237,Practice Drill Field,,127,237,Maitland,26,89,70,26,0,0,0,0,1,0,0,1,0,0,0,0,0,0,4,0,1,0,0,1,449,233,1,0,0,0,0,6
Falcon Stadium,,Air Force,Colorado Springs,CO,52480,FBS,outdoor,variant 1,0,0,0,0,0,0,0,0,0,0,0,0,-1,255,Air Force,CO,0,5,0,Falcon Stadium,,39,0,Colorado Springs,6,73,17,6,0,0,0,0,0,1,0,0,0,0,52480,0,0,0,25,0,0,1,1,1,250,144,1,0,1,0,0,7
Rubber Bowl,,Akron,Akron,OH,31000,FBS,outdoor,turf,0,0,0,0,0,0,0,0,0,0,0,0,0,255,Akron,OH,1,34,1,Rubber Bowl,,108,1,Akron,19,73,8,19,1,0,0,0,0,1,0,0,11,1,31000,0,0,0,8,0,0,1,0,0,411,106,4,0,1,0,0,6
Bryant-Denny Stadium,,Alabama,Tuscaloosa,AL,92128,FBS,outdoor,grass,0,0,0,0,36939,36939,0,0,36939,0,36939,0,-1,255,Alabama,AL,2,0,2,Bryant-Denny Stadium,,17,3,Tuscaloosa,29,86,53,29,0,0,0,0,0,1,0,0,4,0,92128,0,0,0,5,0,0,1,1,1,386,196,0,0,1,0,0,7
Louis Crews Stadium,,Alabama A&M,Huntsville,AL,21000,FCS,outdoor,grass,0,0,0,0,0,0,0,0,0,0,0,0,-1,255,Alabama A&M,AL,115,0,3,Louis Crews Stadium,,127,2,Huntsville,29,82,24,29,0,0,0,0,0,0,0,0,0,0,21000,0,0,0,5,0,1,1,1,0,390,180,0,0,1,0,0,7
Alabama State Stadium,,Alabama State,Montgomery,AL,24600,FCS,outdoor,grass,0,0,0,0,0,0,0,0,0,0,0,0,-1,255,Alabama State,AL,116,0,4,Alabama State Stadium,,127,5,Montgomery,29,87,56,29,0,0,0,0,0,0,0,0,0,0,24600,0,0,0,5,0,1,1,0,0,398,203,0,0,1,0,0,7
Spinks Stadium,,Alcorn State,Alcorn State,MS,22500,FCS,outdoor,grass,0,0,0,0,0,0,0,0,0,0,0,0,-1,255,Alcorn State,MS,117,23,5,Spinks Stadium,,127,4,Alcorn State,28,86,55,28,0,0,0,0,0,0,0,0,0,0,22500,0,0,0,4,0,1,1,1,0,360,218,0,0,1,0,0,7
Kidd Brewer Stadium,,Appalachian State,Boone,NC,16650,FCS,outdoor,turf,0,0,0,0,0,0,0,0,0,0,0,0,-1,255,Appalachian State,NC,199,32,6,Kidd Brewer Stadium,,127,193,Boone,12,85,50,5,0,0,0,0,0,0,0,0,0,0,16650,0,8,12,5,0,1,0,0,0,424,155,4,0,1,0,0,4
Arizona Stadium,,Arizona,Tucson,AZ,57803,FBS,outdoor,variant 1,0,0,0,0,0,0,0,0,0,0,0,0,-1,255,Arizona,AZ,3,2,7,Arizona Stadium,,54,6,Tucson,5,93,63,5,0,0,0,0,0,1,0,0,11,1,57803,0,0,0,7,0,0,1,0,1,194,205,1,0,1,0,0,-8
Sun Devil0 Stadium,,Arizona State,Tempe,AZ,73379,FBS,outdoor,variant 1,0,0,0,0,0,0,0,0,0,0,0,0,-1,255,Arizona State,AZ,4,2,8,Sun Devil0 Stadium,,34,12,Tempe,5,99,67,5,0,0,0,0,0,1,0,0,4,0,73379,0,0,0,7,0,0,1,0,1,190,190,1,0,1,0,0,-8
Golden Lion Stadium,,Ark - Pine Bluff,Pine Bluff,AR,12500,FCS,outdoor,grass,0,0,0,0,0,0,0,0,0,0,0,0,-1,255,Ark - Pine Bluff,AR,118,3,9,Golden Lion Stadium,,127,8,Pine Bluff,27,85,50,27,0,0,0,0,0,0,0,0,0,0,12500,0,0,0,7,0,1,1,0,0,348,191,0,0,1,0,0,6
DW Reynolds Razorback Stadium,,Arkansas,Fayetteville,AR,73000,FBS,outdoor,grass,0,0,36939,36939,36939,36939,0,0,36939,0,36939,0,-1,255,Arkansas,AR,5,3,10,DW Reynolds Razorback Stadium,,38,7,Fayetteville,27,80,20,27,0,0,0,0,0,1,0,0,11,3,73000,0,0,0,7,0,0,1,1,0,331,176,0,0,1,0,0,6
Indian Stadium,,Arkansas State,Jonesboro,AR,33410,FBS,outdoor,grass,0,0,0,0,0,0,0,0,0,0,0,0,-1,255,Arkansas State,AR,6,3,11,Indian Stadium,,112,9,Jonesboro,27,83,21,27,0,0,0,0,0,1,0,0,0,0,33410,0,0,0,7,0,1,1,0,0,356,174,0,0,1,0,0,6
Michie Stadium,,Army,West Point,NY,39929,FBS,outdoor,turf,0,0,0,0,0,0,0,0,0,0,0,0,0,255,Army,NY,7,31,12,Michie Stadium,,42,10,West Point,20,70,6,20,1,0,0,0,0,1,0,0,4,0,39929,0,0,0,26,0,1,1,0,1,456,79,4,0,1,0,0,5
Jordan-Hare Stadium,The Jungle,Auburn,Auburn,AL,87451,FBS,outdoor,grass,0,0,0,0,60367,275,0,0,275,0,60367,0,-1,255,Auburn,AL,8,0,13,Jordan-Hare Stadium,The Jungle,20,11,Auburn,29,85,54,29,0,0,0,0,0,1,0,0,11,0,87451,0,0,0,5,0,0,1,0,0,401,200,0,0,1,0,0,7
Ball State Stadium,,Ball State,Muncie,IN,23500,FBS,outdoor,variant 1,0,0,0,0,0,0,0,0,0,0,0,0,-1,255,Ball State,IN,9,13,14,Ball State Stadium,,98,13,Muncie,20,76,7,20,0,0,0,0,0,1,0,0,0,0,23500,0,0,0,15,0,0,1,0,1,387,122,1,0,1,0,0,5
Floyd Casey Stadium,,Baylor,Waco,TX,50000,FBS,outdoor,turf,0,0,0,0,0,0,0,0,0,0,0,0,-1,255,Baylor,TX,10,42,15,Floyd Casey Stadium,,104,14,Waco,15,89,56,15,0,0,0,0,0,1,0,0,4,0,50000,0,0,0,11,0,1,1,0,1,308,226,4,0,1,0,0,5
Bethune-Cookman Stadium,,Bethune-Cookman,Daytona Beach,FL,10000,FCS,outdoor,grass,0,0,0,0,281,49297,0,0,49297,0,281,0,-1,255,Bethune-Cookman,FL,119,8,16,Bethune-Cookman Stadium,,127,15,Daytona Beach,26,86,68,26,0,0,0,0,0,0,0,0,6,0,10000,0,0,0,4,0,1,1,0,0,450,228,0,0,1,0,0,6
Bronco Stadium,The Blue,Boise State,Boise,ID,30000,FBS,outdoor,variant 3,0,0,0,0,0,0,0,0,0,0,0,0,0,255,Boise State,ID,11,11,17,Bronco Stadium,The Blue,26,16,Boise,6,77,12,6,1,0,0,0,0,1,0,0,13,0,30000,0,0,0,30,0,1,1,0,1,185,79,3,0,1,0,0,7
Alumni Stadium,,Boston College,Chestnut Hill,MA,44500,FBS,outdoor,turf,0,0,0,0,0,0,0,0,0,0,0,0,-1,255,Boston College,MA,12,20,18,Alumni Stadium,,36,17,Chestnut Hill,23,70,9,23,0,0,0,0,0,1,0,0,11,3,44500,0,0,0,11,0,1,1,0,0,472,63,4,0,1,0,0,4
Doyt L. Perry Stadium,,Bowling Green,Bowling Green,OH,30599,FBS,outdoor,grass,0,0,0,0,51841,51841,0,0,51841,0,51841,0,0,255,Bowling Green,OH,13,34,19,Doyt L. Perry Stadium,,88,18,Bowling Green,19,75,7,19,1,0,0,0,0,1,0,0,0,0,30599,0,0,0,8,0,0,1,1,0,397,108,0,0,1,0,0,6
Brown Stadium,,Brown,Providence,RI,20000,FCS,outdoor,grass,0,0,59657,59657,59657,59657,0,0,59657,0,59657,0,-1,255,Brown,RI,120,38,20,Brown Stadium,,127,19,Providence,23,74,12,23,0,0,0,0,0,0,0,0,6,0,20000,0,0,0,16,0,1,1,1,0,474,69,0,0,1,0,0,5
UB Stadium,,Buffalo,Buffalo,NY,31000,FBS,outdoor,grass,0,0,0,0,2389,2389,0,0,2389,0,2389,0,-1,255,Buffalo,NY,14,31,21,UB Stadium,,110,20,Buffalo,20,70,6,20,0,0,0,0,0,1,0,0,0,0,31000,0,0,0,26,0,1,1,0,0,424,81,0,0,1,0,0,4
Lavell Edwards Stadium,,BYU,Provo,UT,65000,FBS,outdoor,grass,0,0,0,0,0,0,0,0,0,0,0,0,0,255,BYU,UT,15,43,22,Lavell Edwards Stadium,,29,21,Provo,6,78,13,6,1,0,0,0,0,1,0,0,0,3,65000,0,0,0,9,0,1,1,1,1,205,121,0,0,1,0,0,-8
Memorial Stadium,Strawberry Canyon,Cal,Berkeley,CA,73347,FBS,outdoor,turf,0,0,0,0,0,0,0,0,0,0,0,0,0,255,Cal,CA,16,4,23,Memorial Stadium,Strawberry Canyon,84,22,Berkeley,9,71,56,9,1,0,0,0,0,1,0,0,4,0,73347,0,0,0,15,0,0,1,1,1,126,119,4,0,1,0,0,4
Kelly-Shorts Stadium,,Central Michigan,Mt. Pleasant,MI,30199,FBS,outdoor,turf,0,0,0,0,0,0,0,0,0,0,0,0,0,255,Central Michigan,MI,18,21,24,Kelly-Shorts Stadium,,66,25,Mt. Pleasant,16,71,3,16,0,0,0,0,0,1,0,0,0,0,30199,0,0,0,17,0,1,1,0,0,384,87,4,0,1,0,0,5
Finley Stadium,,Chattanooga,Chattanooga,TN,20668,FCS,outdoor,turf,0,0,0,0,0,0,0,0,0,0,0,0,-1,255,Chattanooga,TN,205,41,25,Finley Stadium,,127,198,Chattanooga,10,84,25,4,0,0,0,0,0,0,0,0,0,0,20668,0,8,5,5,0,1,0,0,0,399,172,4,0,1,0,0,4
Liberty Bowl Memorial Stadium,,Memphis,Memphis,TN,62380,FBS,outdoor,turf,0,0,0,0,0,0,0,0,0,0,0,0,-1,255,Memphis,TN,47,41,82,Liberty Bowl Memorial Stadium,,85,62,Memphis,25,83,24,25,0,0,0,0,0,1,0,0,10,3,62380,0,0,0,12,0,1,1,1,1,365,179,4,0,1,0,0,6
Miami Stadium,,Miami,Miami,FL,74476,FBS,outdoor,grass,0,0,0,0,849,64193,0,0,64193,0,849,0,0,255,Miami,FL,48,8,83,Miami Stadium,,22,63,Miami,26,87,75,26,1,0,0,0,0,1,1,0,0,3,74476,85,15,0,4,0,1,1,0,1,466,258,0,0,1,0,0,6
Fred C. Yager Stadium,,Miami University,Oxford,OH,30012,FBS,outdoor,turf,0,0,0,0,0,0,0,0,0,0,0,0,-1,255,Miami University,OH,49,34,84,Fred C. Yager Stadium,,75,64,Oxford,19,77,9,19,0,0,0,0,0,1,0,0,0,0,30012,0,0,0,8,0,1,1,0,1,396,126,4,0,1,0,0,6
Michigan Stadium,The Big House,Michigan,Ann Arbor,MI,107501,FBS,outdoor,turf,0,0,0,0,0,0,0,0,0,0,0,0,-1,255,Michigan,MI,50,21,85,Michigan Stadium,The Big House,21,65,Ann Arbor,16,74,6,16,0,0,0,0,0,1,0,0,4,3,107501,0,0,0,17,0,0,1,1,1,392,97,4,0,1,0,0,5
Spartan Stadium,,Michigan State,East Lansing,MI,75005,FBS,outdoor,grass,0,0,0,0,0,0,0,0,0,0,0,0,-1,255,Michigan State,MI,51,21,86,Spartan Stadium,,31,66,East Lansing,16,72,3,16,0,0,0,0,0,1,0,0,0,3,75005,0,0,0,17,0,0,1,0,1,388,94,0,0,1,0,0,5
"Johnny ""Red"" Floyd Stadium",,Mid Tenn State,Murfreesboro,TN,31000,FBS,outdoor,turf,0,0,0,0,11181,11181,0,0,11181,0,11181,0,-1,255,Mid Tenn State,TN,52,41,87,"Johnny ""Red"" Floyd Stadium",,69,67,Murfreesboro,25,82,21,25,0,0,0,0,0,1,0,0,11,0,31000,0,0,0,12,0,1,1,1,0,390,167,4,0,1,0,0,6
Hubert H. Humphrey Metrodome0,,Minnesota,Minneapolis,MN,63669,FBS,indoor,turf,0,0,0,0,0,0,0,0,0,0,0,0,0,255,Minnesota,MN,53,22,88,Hubert H. Humphrey Metrodome0,,52,68,Minneapolis,0,68,68,0,1,0,0,0,0,1,0,0,4,3,63669,0,0,0,0,-1,0,1,0,1,327,83,4,0,1,0,0,0
Rice-Totten Stadium,,Miss Valley State,Itta Bena,MS,10000,FCS,outdoor,grass,0,0,0,0,0,0,0,0,0,0,0,0,-1,255,Miss Valley State,MS,131,23,89,Rice-Totten Stadium,,127,71,Itta Bena,28,86,51,28,0,0,0,0,0,0,0,0,0,0,10000,0,0,0,4,0,1,1,0,0,364,197,0,0,1,0,0,7
Scott Field,,Mississippi State,Starkville,MS,55082,FBS,outdoor,grass,0,0,32775,32775,32775,32775,0,0,32775,0,32775,0,-1,255,Mississippi State,MS,54,23,90,Scott Field,,55,70,Starkville,28,85,51,28,0,0,0,0,0,1,0,0,11,0,55082,0,0,0,4,0,1,1,0,0,373,198,0,0,1,0,0,7
Faurot Field,,Missouri,Columbia,MO,68349,FBS,outdoor,turf,0,0,0,0,0,0,0,0,0,0,0,0,0,255,Missouri,MO,55,24,91,Faurot Field,,43,69,Columbia,20,78,12,20,1,0,0,0,0,1,0,0,0,0,68349,0,4,15,10,0,0,1,0,1,342,143,4,0,1,0,0,6
Plaster Field,,Missouri State,Springfield,MO,16300,FCS,outdoor,turf,0,0,0,0,0,0,0,0,0,0,0,0,-1,255,Missouri State,MO,220,24,92,Plaster Field,,127,213,Springfield,20,78,12,20,0,0,0,0,0,0,0,0,0,0,16300,0,4,15,10,0,0,0,1,0,336,162,4,0,1,0,0,6
Washington-Grizzly Stadium,,Montana,Missoula,MT,23180,FCS,outdoor,turf,0,0,0,0,0,0,0,0,0,0,0,0,-1,255,Montana,MT,210,25,93,Washington-Grizzly Stadium,,127,203,Missoula,35,65,8,2,0,0,0,0,0,0,0,0,0,0,23180,0,2,25,8,0,1,0,0,0,206,54,4,0,1,0,0,4
Bobcat Stadium,,Montana State,Bozeman,MT,15200,FCS,outdoor,variant 1,0,0,0,0,0,0,0,0,0,0,0,0,-1,255,Montana State,MT,211,25,94,Bobcat Stadium,,127,204,Bozeman,35,65,8,2,0,0,0,0,0,0,0,0,0,0,15200,0,2,25,8,0,0,0,0,0,221,69,1,0,1,0,0,4
Hughes Stadium,,Morgan State,Baltimore,MD,13600,FCS,outdoor,grass,0,0,0,0,0,0,0,0,0,0,0,0,-1,255,Morgan State,MD,132,19,95,Hughes Stadium,,127,72,Baltimore,20,79,17,20,0,0,0,0,0,0,0,0,0,0,13600,0,0,0,8,0,1,1,0,0,450,108,0,0,1,0,0,4
Roy Stewart Stadium,,Murray State,Murray,KY,16800,FCS,outdoor,variant 2,0,0,0,0,0,0,0,0,0,0,0,0,-1,255,Murray State,KY,231,16,96,Roy Stewart Stadium,,127,224,Murray,10,80,50,6,0,0,0,0,0,0,0,0,0,0,16800,0,4,5,5,0,1,0,0,0,375,161,2,0,1,0,0,4
Navy-Marine Corps Memorial,,Navy,Annapolis,MD,34000,FBS,outdoor,turf,0,0,0,0,0,0,0,0,0,0,0,0,-1,255,Navy,MD,56,19,97,Navy-Marine Corps Memorial,,82,73,Annapolis,20,80,18,20,0,0,0,0,0,1,0,0,6,0,34000,0,0,0,8,0,1,1,0,1,451,110,4,0,1,0,0,4
Aggie Stadium,,NC A&T State,Greensboro,NC,23000,FCS,outdoor,grass,0,0,0,0,0,0,0,0,0,0,0,0,-1,255,NC A&T State,NC,134,32,98,Aggie Stadium,,127,74,Greensboro,24,79,22,24,0,0,0,0,0,0,0,0,4,0,23000,0,0,0,7,0,1,1,0,0,439,150,0,0,1,0,0,6
Carter-Finley Stadium,,NC State,Raleigh,NC,60138,FBS,outdoor,grass,0,0,0,0,0,0,0,0,0,0,0,0,0,1,NC State,NC,62,32,99,Carter-Finley Stadium,,40,76,Raleigh,24,81,24,24,0,0,0,0,0,1,0,0,0,3,60138,0,0,0,7,0,1,1,0,0,447,149,0,0,1,0,0,6
Memorial Stadium,The Sea of Red,Nebraska,Lincoln,NE,74056,FBS,outdoor,variant 5,0,0,0,0,0,0,0,0,0,0,0,0,-1,255,Nebraska,NE,57,26,100,Memorial Stadium,The Sea of Red,16,77,Lincoln,12,77,8,12,0,0,0,0,0,1,0,0,0,1,74056,0,0,0,32,0,0,1,1,0,308,127,5,0,1,0,0,7
Mackay Stadium,,Nevada,Reno,NV,31545,FBS,outdoor,turf,0,0,0,0,0,0,0,0,0,0,0,0,0,255,Nevada,NV,58,27,101,Mackay Stadium,,94,78,Reno,4,79,21,4,1,0,0,0,0,1,0,0,0,0,31545,0,0,0,10,0,1,1,0,0,149,110,4,0,1,0,0,7
Cowell Stadium,,New Hampshire,Durham,NH,9571,FCS,outdoor,grass,0,0,0,0,0,0,0,0,0,0,0,0,-1,255,New Hampshire,NH,193,28,102,Cowell Stadium,,127,187,Durham,25,74,11,2,0,0,0,0,0,0,0,0,0,0,9571,0,4,30,5,0,1,0,0,0,469,55,0,0,1,0,0,4
University Stadium,,New Mexico,Albuquerque,NM,38634,FBS,outdoor,grass,0,0,0,0,0,0,0,0,0,0,0,0,0,255,New Mexico,NM,59,30,103,University Stadium,,89,79,Albuquerque,6,81,22,6,0,0,0,0,0,1,0,0,0,0,38634,0,0,0,9,0,1,1,0,0,233,184,0,0,1,0,0,7
Aggie Memorial Stadium,,New Mexico State,Las Cruces,NM,30343,FBS,outdoor,grass,0,0,0,0,0,0,0,0,0,0,0,0,0,255,New Mexico State,NM,60,30,104,Aggie Memorial Stadium,,68,81,Las Cruces,6,85,57,6,1,0,0,0,0,1,0,0,0,0,30343,0,0,0,9,0,1,1,1,0,229,210,0,0,1,0,0,7
Guidry Stadium,,Nicholls,Thibodaux,LA,12800,FCS,outdoor,grass,0,0,0,0,55315,55315,0,0,55315,0,55315,0,-1,255,Nicholls,LA,226,17,105,Guidry Stadium,,127,219,Thibodaux,28,87,55,28,0,0,0,0,0,0,0,0,0,0,12800,0,4,5,5,0,1,0,0,0,365,241,0,0,1,0,0,6
William Price Stadium,,Norfolk State,Norfolk,VA,30000,FCS,outdoor,grass,0,0,0,0,0,0,0,0,0,0,0,0,-1,255,Norfolk State,VA,133,45,106,William Price Stadium,,127,82,Norfolk,21,79,23,21,0,0,0,0,0,0,0,0,4,0,30000,0,0,0,14,0,1,1,0,0,460,130,0,0,1,0,0,4
Kenan Memorial Stadium,,North Carolina,Chapel Hill,NC,60000,FBS,outdoor,grass,0,0,0,0,0,0,0,0,0,0,0,0,-1,255,North Carolina,NC,61,32,107,Kenan Memorial Stadium,,58,75,Chapel Hill,24,81,24,24,0,0,0,0,0,1,1,0,0,0,60000,0,0,0,7,0,0,1,1,1,445,149,0,0,1,0,0,6
Lane Stadium,,Virginia Tech,Blacksburg,VA,65115,FBS,outdoor,grass,0,0,0,0,0,0,0,0,0,0,0,0,0,6,Virginia Tech,VA,107,45,182,Lane Stadium,,5,134,Blacksburg,21,76,17,21,1,0,0,0,0,1,0,0,0,0,65115,0,0,0,14,0,1,1,0,1,431,139,0,0,1,0,0,4
Groves Stadium,,Wake Forest,Winston-Salem,NC,31500,FBS,outdoor,grass,0,0,0,0,1,37905,0,0,37905,0,1,0,-1,255,Wake Forest,NC,108,32,183,Groves Stadium,,77,136,Winston-Salem,24,82,25,24,0,0,0,0,0,1,0,0,0,1,31500,0,0,0,7,0,1,1,1,1,435,152,0,0,1,0,0,6
Husky Stadium,,Washington,Seattle,WA,72500,FBS,outdoor,turf,0,0,0,0,0,0,0,0,0,0,0,0,-1,255,Washington,WA,109,46,184,Husky Stadium,,45,137,Seattle,21,69,21,21,0,0,0,0,0,1,1,0,0,0,72500,0,0,0,20,0,1,1,0,1,161,28,4,0,1,0,0,5
Martin Stadium,,Washington State,Pullman,WA,37600,FBS,outdoor,turf,0,0,0,0,0,0,0,0,0,0,0,0,0,255,Washington State,WA,110,46,185,Martin Stadium,,49,138,Pullman,21,71,10,21,1,0,0,0,0,1,1,0,0,0,37600,0,0,0,20,0,0,1,1,1,184,48,4,0,1,0,0,5
Stewart Stadium,,Weber State,Ogden,UT,17500,FCS,outdoor,variant 1,0,0,0,0,503,59905,0,0,59905,0,503,0,-1,255,Weber State,UT,215,43,186,Stewart Stadium,,127,208,Ogden,20,70,13,2,0,0,0,0,0,0,0,0,0,0,17500,0,2,20,5,0,1,0,1,0,203,112,1,0,1,0,0,4
Mountaineer Field,,West Virginia,Morgantown,WV,60000,FBS,outdoor,turf,0,0,0,0,0,0,0,0,0,0,0,0,-1,255,West Virginia,WV,111,47,187,Mountaineer Field,,15,141,Morgantown,21,75,13,21,0,0,0,0,0,1,0,0,11,0,60000,0,0,0,22,0,0,1,0,1,426,116,4,0,1,0,0,5
E.J. Whitmire Stadium,,Western Carolina,Cullowhee,NC,12000,FCS,outdoor,turf,0,0,0,0,0,0,0,0,0,0,0,0,-1,255,Western Carolina,NC,206,32,188,E.J. Whitmire Stadium,,127,199,Cullowhee,10,82,23,4,0,0,0,0,0,0,0,0,0,0,12000,0,8,5,5,0,1,0,0,0,415,166,4,0,1,0,0,4
Hanson Field,,Western Illinois,Macomb,IL,15000,FCS,outdoor,grass,0,0,0,0,0,0,0,0,0,0,0,0,-1,255,Western Illinois,IL,221,12,189,Hanson Field,,127,214,Macomb,15,72,18,4,0,0,0,0,0,0,0,0,0,0,15000,0,4,15,5,0,1,0,0,0,353,127,0,0,1,0,0,4
L.T. Smith Stadium,,Western Kentucky,Bowling Green,KY,17500,FCS,outdoor,turf,0,0,0,0,55315,55315,0,0,55315,0,55315,0,-1,255,Western Kentucky,KY,222,16,190,L.T. Smith Stadium,,127,215,Bowling Green,10,80,50,6,0,0,0,0,0,0,0,0,0,0,17500,0,6,9,5,0,1,0,0,0,386,154,4,0,1,0,0,4
Waldo Stadium,,Western Michigan,Kalamazoo,MI,30200,FBS,outdoor,turf,0,0,0,0,0,0,0,0,0,0,0,0,0,255,Western Michigan,MI,112,21,191,Waldo Stadium,,62,140,Kalamazoo,16,75,7,16,1,0,0,0,0,1,1,0,0,0,30200,0,0,0,17,0,0,1,0,0,383,99,4,0,1,0,0,5
Zable Stadium,,William and Mary,Williamsburg,VA,13000,FCS,outdoor,turf,0,0,0,0,0,0,0,0,0,0,0,0,-1,255,William and Mary,VA,198,45,192,Zable Stadium,,127,192,Williamsburg,12,82,24,5,0,0,0,0,0,0,0,0,0,0,13000,0,10,20,5,0,1,0,0,1,456,128,4,0,1,0,0,4
Camp Randall Stadium,,Wisconsin,Madison,WI,80321,FBS,outdoor,turf,0,0,0,0,0,0,0,0,0,0,0,0,-1,255,Wisconsin,WI,113,48,193,Camp Randall Stadium,,19,139,Madison,15,71,0,15,0,0,0,0,0,1,0,0,0,3,80321,0,0,0,24,0,1,1,1,0,355,98,4,0,1,0,0,6
Gibbs Stadium,,Wofford,Spartanburg,SC,13000,FCS,outdoor,grass,0,0,0,0,0,0,0,0,0,0,0,0,-1,255,Wofford,SC,207,39,194,Gibbs Stadium,,127,200,Spartanburg,8,82,50,5,0,0,0,0,0,0,0,0,0,0,13000,0,4,5,5,0,1,0,1,0,425,167,0,0,1,0,0,4
War Memorial Stadium,The War,Wyoming,Laramie,WY,33500,FBS,outdoor,turf,0,0,0,0,0,0,0,0,0,0,0,0,0,255,Wyoming,WY,114,49,195,War Memorial Stadium,The War,73,142,Laramie,7,68,7,7,1,0,0,0,0,1,0,0,4,2,33500,0,0,0,33,0,0,1,0,0,246,117,4,0,1,0,0,-8
Yale Bowl,,Yale,New Haven,CT,64269,FCS,outdoor,grass,0,0,0,0,0,0,0,0,0,0,0,0,-1,255,Yale,CT,141,6,196,Yale Bowl,,127,143,New Haven,21,75,12,21,0,0,0,0,0,0,0,0,0,0,64269,0,0,0,13,0,1,1,1,1,466,77,0,0,1,0,0,5
Stambaugh Stadium,,Youngstown State,Youngstown,OH,20630,FCS,outdoor,turf,0,0,0,0,0,0,0,0,0,0,0,0,-1,255,Youngstown State,OH,223,34,197,Stambaugh Stadium,,127,216,Youngstown,15,75,20,4,0,0,0,0,0,0,0,0,0,0,20630,0,6,14,5,0,1,0,1,0,416,104,4,0,1,0,0,4
Lincoln Financial Field,,Army - Navy,Philadelphia,PA,66000,neutral,outdoor,grass,0,0,0,0,0,0,0,0,0,0,0,0,-1,255,Army - Navy,PA,181,37,198,Lincoln Financial Field,,127,176,Philadelphia,20,77,13,20,0,0,0,0,0,0,1,0,0,3,66000,0,10,10,21,0,1,0,0,1,454,97,0,0,1,0,0,6
INVESCO Field at Mile High1,,CU - CSU,Denver,CO,76082,neutral,outdoor,variant 1,0,0,0,0,0,0,0,0,0,0,0,0,-1,255,CU - CSU,CO,184,5,199,INVESCO Field at Mile High1,,127,177,Denver,6,76,19,6,0,0,0,0,0,0,0,0,0,3,76082,45,15,30,10,0,1,0,0,1,249,137,1,0,1,0,0,7
ALLTEL Stadium0,,Florida - Georgia,Jacksonville,FL,73000,neutral,outdoor,grass,0,0,0,0,0,0,0,0,0,0,0,0,-1,255,Florida - Georgia,FL,183,8,200,ALLTEL Stadium0,,127,178,Jacksonville,26,87,64,26,0,0,0,0,0,0,0,0,0,3,73000,0,0,0,30,0,1,0,0,1,442,215,0,0,1,0,0,6
Cotton Bowl,,OU - Texas,Dallas,TX,68252,neutral,outdoor,variant 1,0,0,47239,47239,47239,47239,0,0,47239,0,47239,0,-1,255,OU - Texas,TX,182,42,201,Cotton Bowl,,127,179,Dallas,15,87,54,15,0,0,0,0,0,0,0,0,0,3,68252,0,0,0,11,0,1,0,0,1,313,210,1,0,1,0,0,5
ALLTEL Stadium0,,ACC Championship,Jacksonville,FL,73000,neutral,outdoor,grass,0,0,0,0,0,0,0,0,0,0,0,0,-1,255,ACC Championship,FL,244,8,202,ALLTEL Stadium0,,127,236,Jacksonville,26,87,64,26,0,0,0,0,0,0,0,0,0,3,73000,0,0,0,4,0,1,0,0,1,442,215,0,0,1,0,0,6
Arrowhead Stadium0,,Big 12 Championship,Kansas City,MO,79451,neutral,outdoor,variant 1,0,0,0,0,0,0,0,0,0,0,0,0,-1,255,Big 12 Championship,MO,146,24,203,Arrowhead Stadium0,,127,146,Kansas City,20,78,12,20,0,0,0,0,0,0,0,0,0,3,79451,0,4,15,10,0,1,0,0,1,325,243,1,0,1,0,0,6
Ford Field,,MAC Championship,Detroit,MI,65000,neutral,indoor,turf,0,0,0,0,0,0,0,0,0,0,0,0,-1,255,MAC Championship,MI,161,21,204,Ford Field,,127,159,Detroit,0,68,68,0,0,0,0,0,0,0,0,0,0,3,65000,0,0,0,0,-1,1,0,0,1,397,95,4,0,1,0,0,0
Georgia Dome1,,SEC Championship,Atlanta,GA,71228,neutral,indoor,turf,0,0,0,0,32897,32897,0,0,32897,0,32897,0,-1,255,SEC Championship,GA,174,9,205,Georgia Dome1,,127,171,Atlanta,0,68,68,0,0,0,0,0,0,0,0,0,0,3,71228,0,0,0,0,-1,1,0,0,1,411,185,4,0,1,0,0,0
Liberty Bowl Memorial Stadium,,Autozone Liberty Bowl,Memphis,TN,62380,neutral,outdoor,turf,0,0,0,0,2195,63617,0,0,63617,0,2195,0,-1,255,Autozone Liberty Bowl,TN,160,41,206,Liberty Bowl Memorial Stadium,,127,158,Memphis,25,83,24,25,0,0,0,0,0,0,0,0,0,3,62380,0,0,0,12,0,1,0,0,1,365,179,4,0,0,0,0,6
Capital One Bowl,,Capital One Bowl,Orlando,FL,65438,neutral,outdoor,grass,0,0,0,0,0,0,0,0,0,0,0,0,-1,255,Capital One Bowl,FL,147,8,207,Capital One Bowl,,127,147,Orlando,26,89,70,26,0,0,0,0,0,0,0,0,0,2,65438,0,0,0,4,0,1,0,0,1,448,234,0,0,0,0,0,6
