team,ts1d,tsdp,tsop,tsor,tsPy,tsTy,tsdy,tsoy,ts2a,tsga,tssa,tsta,ts2c,ts3c,ts4c,ts3d,ts4d,tspd,tspe,tsdf,tsof,tsDi,tsPi,tspi,tssk,tsfl,tsdr,tsfr,tsPt,tsdt,tsot,tsrt,tsoz,TGID,tsty
"Iowa State",20,230,298,192,72,593,79,490,0,1,2,4,0,7,0,11,0,0,10,0,1,2,0,0,2,1,2,2,3,2,4,3,6,38,103
"Toledo",16,298,230,79,52,479,192,309,0,4,2,1,0,3,0,10,0,0,7,1,0,0,0,2,2,2,6,1,2,4,2,1,2,95,170
"Connecticut",21,123,179,220,48,511,55,399,0,1,0,6,0,5,0,10,0,0,7,1,0,4,0,1,3,0,2,2,4,1,4,2,7,100,112
"Tulsa",23,189,200,205,75,523,68,405,0,0,1,5,0,5,0,9,0,0,11,1,0,3,0,0,3,0,2,2,5,1,5,1,6,97,118
"San Diego State",6,214,39,54,28,212,214,93,0,5,1,0,0,0,0,8,0,0,6,2,0,0,0,3,2,2,5,0,0,2,0,0,0,81,119
"UTEP",23,39,214,214,30,470,54,428,0,0,2,5,0,7,1,16,2,0,5,0,2,3,0,0,1,0,0,2,1,0,2,2,5,105,42
"New Mexico State",14,249,496,50,125,628,47,546,0,1,4,3,0,3,0,10,0,0,14,0,1,2,0,1,4,0,3,1,4,1,2,2,3,61,82
"Mississippi State",11,319,127,124,41,413,86,251,0,2,3,2,0,6,0,17,1,0,4,0,0,0,0,2,0,0,5,2,0,4,1,2,1,55,162
"South Carolina",16,127,319,86,53,463,124,405,0,2,0,2,0,5,0,13,0,0,5,0,0,2,0,0,3,2,1,0,3,1,4,2,5,84,58
"Mid Tenn State",17,189,149,121,60,419,141,270,1,1,5,1,1,5,2,16,4,0,10,0,2,1,0,1,1,0,3,0,1,1,0,0,3,53,149
"FIU",15,149,189,141,105,394,121,330,0,1,1,1,0,5,1,13,2,0,11,2,0,1,0,1,5,0,3,0,3,0,1,0,3,230,64
"Miami University",16,438,224,113,50,562,82,337,1,0,1,1,1,3,1,12,1,0,8,1,0,1,0,0,6,0,4,0,1,3,2,2,3,50,225
"Northwestern",19,224,438,82,50,706,113,520,2,1,6,0,0,8,2,16,2,0,7,0,1,0,0,1,1,0,3,0,5,2,3,1,4,67,186
"Kent State",9,207,25,64,40,278,161,89,0,2,4,2,0,3,0,14,0,0,6,1,2,0,0,1,1,1,5,2,1,3,1,0,4,41,189
"Minnesota",18,25,207,161,80,496,64,368,0,2,1,2,0,6,1,14,1,0,9,2,1,1,0,0,4,2,4,1,2,1,3,1,5,54,128
"Central Michigan",18,90,112,151,50,393,172,263,0,1,2,0,0,6,0,13,1,0,8,1,1,0,0,1,1,0,2,0,0,1,1,1,4,19,130
"Boston College",16,112,90,172,55,355,151,262,0,0,1,1,0,3,1,11,2,0,10,1,1,1,0,0,2,0,4,0,1,1,1,0,2,13,93
"Buffalo",20,139,250,123,97,463,74,373,0,3,2,5,0,5,2,16,2,0,11,1,2,4,0,2,3,1,3,1,0,1,1,1,5,15,90
"Temple",11,250,139,74,45,327,123,213,1,5,3,3,0,2,0,8,0,0,8,2,1,2,0,4,2,1,5,1,1,1,1,1,3,90,114
"Ball State",23,191,296,175,79,568,149,471,1,2,0,2,1,6,0,12,0,0,9,0,2,2,0,2,1,0,3,0,1,2,3,2,5,10,97
"Eastern Michigan",18,296,191,149,75,442,175,340,0,2,1,2,0,1,0,8,0,0,6,2,0,2,0,2,0,0,5,0,2,3,2,1,3,26,102
"Arizona State",17,75,278,163,56,571,-17,441,1,1,6,4,0,4,2,12,2,0,7,0,0,3,0,1,2,0,2,1,4,1,4,2,7,5,130
"Fresno State",19,311,126,231,61,454,50,357,0,1,1,0,0,6,2,14,2,0,8,1,0,0,0,1,3,0,4,0,0,2,2,2,3,29,97
"Nevada",20,126,311,50,25,458,231,361,0,0,3,1,0,5,0,12,3,0,5,0,1,1,0,0,1,0,3,0,2,2,2,0,4,59,97
"Wake Forest",15,147,173,152,45,435,67,325,1,2,2,3,1,7,2,16,2,0,5,0,1,3,0,1,2,1,2,0,2,1,3,2,4,109,110
"Syracuse",10,173,147,67,85,370,152,214,0,3,2,2,0,3,0,12,0,0,10,1,0,1,0,3,2,0,4,1,1,3,1,1,2,88,156
"Baylor",14,269,173,28,79,315,183,201,0,4,2,2,0,2,1,10,1,0,9,1,0,0,0,4,1,0,5,2,1,4,0,0,2,11,114
"TCU",21,173,269,183,76,559,28,452,1,2,1,4,1,7,0,11,0,0,10,0,1,4,0,0,2,2,2,0,3,0,4,3,5,89,107
"Arkansas State",22,154,150,202,90,449,107,352,0,1,3,1,0,4,0,13,1,0,11,0,2,0,0,0,1,1,2,1,1,1,1,0,5,7,97
"Army",14,150,154,107,79,320,202,261,0,1,1,1,0,3,0,12,2,0,12,2,0,0,0,0,3,1,5,1,0,1,1,1,2,8,59
"West Virginia",19,232,147,352,55,565,34,499,0,1,0,2,0,7,0,12,0,0,6,1,1,2,0,1,0,0,3,0,3,2,1,1,3,112,66
"Marshall",11,147,232,34,63,452,352,266,0,2,0,1,0,3,4,14,5,0,9,1,1,1,0,2,0,0,3,0,2,1,2,0,3,46,186
"Kansas State",15,121,249,184,97,578,106,433,0,4,1,4,0,5,1,10,1,0,9,2,1,3,0,1,2,3,3,1,3,1,2,3,6,40,145
"Indiana",17,140,167,108,124,385,151,275,0,4,3,0,0,7,1,15,1,0,12,3,1,0,0,1,0,3,6,0,0,3,1,1,4,36,110
"Western Michigan",19,167,140,151,80,341,108,291,0,0,0,4,0,2,0,11,0,0,9,1,3,1,0,0,3,0,4,3,3,1,3,0,6,113,50
"Illinois",12,221,221,100,62,576,140,321,0,2,1,0,0,3,1,11,1,0,5,1,1,0,0,1,2,1,3,0,3,2,1,0,2,35,255
"Florida",20,104,305,121,60,494,102,426,1,3,2,5,0,6,0,11,0,0,6,0,2,5,0,2,3,1,4,0,2,2,6,4,10,27,68
"Southern Miss",13,305,104,102,30,380,121,206,0,5,3,3,0,4,1,11,1,0,2,2,0,2,0,5,2,0,10,1,1,6,2,2,4,85,174
"Duke",24,74,202,289,25,643,41,491,0,2,2,2,0,5,0,8,0,0,3,0,0,1,0,2,2,0,3,1,1,2,6,6,7,24,152
"Colorado",26,77,114,422,41,581,6,536,0,0,3,3,0,7,0,9,0,0,4,0,0,3,0,0,2,0,0,0,2,0,7,6,8,22,45
"Bowling Green",4,278,100,4,71,255,273,104,0,3,1,0,0,1,0,11,1,0,5,1,0,0,0,2,1,1,11,0,0,7,0,0,0,14,151
"Wisconsin",26,100,278,273,60,580,4,551,0,0,1,3,0,10,0,12,0,0,7,0,1,2,0,0,1,0,0,1,3,0,7,5,11,114,29
"UCLA",13,111,166,86,72,347,120,252,1,2,6,4,0,2,0,14,1,0,7,3,1,3,0,2,4,0,5,1,1,1,1,0,5,99,95
"Utah",15,166,111,120,35,368,86,231,0,4,4,2,0,5,0,14,0,0,4,1,3,2,0,3,6,1,5,0,0,1,1,1,5,103,137
"Troy",23,72,130,278,83,534,107,408,0,1,0,2,0,4,0,9,0,0,10,0,1,0,0,1,0,0,1,2,2,1,3,2,5,143,126
"Rice",22,255,75,269,65,475,106,344,0,0,1,0,0,7,1,12,2,0,8,0,0,0,0,0,2,0,3,0,0,3,3,3,3,79,131
"Houston",13,75,255,106,63,506,269,361,0,0,2,0,0,6,0,9,0,0,9,0,0,0,0,0,1,0,3,0,3,3,3,1,3,33,145
"Pittsburgh",20,199,313,152,35,604,88,465,0,4,3,3,0,6,0,13,0,0,6,0,1,1,0,3,3,1,3,2,1,2,3,2,4,77,139
"Virginia",10,313,199,88,50,461,152,287,0,3,3,4,0,3,1,11,1,0,6,1,0,3,0,1,3,2,4,1,1,3,2,2,3,107,174
"Penn State",23,167,185,208,38,483,72,393,0,1,1,1,0,7,0,10,0,0,7,1,0,1,0,0,3,1,3,0,3,2,3,1,4,76,90
"Akron",12,185,167,72,30,337,208,239,1,1,3,1,1,5,0,12,0,0,3,0,1,0,0,1,1,0,4,1,2,3,2,0,3,2,98
"Ole Miss",24,167,185,188,50,433,147,373,0,3,4,0,0,5,1,11,2,0,4,0,2,0,0,3,3,0,4,0,0,3,1,1,4,73,60
"Memphis",16,185,167,147,95,400,188,314,0,0,3,3,0,9,0,14,0,0,13,2,0,3,0,0,4,0,4,0,3,1,3,0,4,48,86
"Oklahoma",19,33,260,171,64,531,41,431,0,2,1,4,0,4,1,13,2,0,7,0,1,3,0,1,3,1,0,1,2,0,4,2,8,71,100
"UAB",9,260,33,41,37,232,171,74,0,4,3,2,0,3,0,15,0,0,5,1,0,1,0,3,1,1,8,1,0,4,0,0,0,98,158
"Ohio State",20,151,220,198,80,537,148,418,0,3,2,2,0,7,0,9,0,0,8,2,0,2,0,1,4,2,5,0,1,3,4,4,4,70,119
"Northern Illinois",18,220,151,148,29,498,198,299,2,2,4,3,1,6,0,13,0,0,4,0,2,1,0,2,2,0,4,2,1,4,3,3,5,66,199
"New Mexico",15,141,231,105,65,410,79,336,0,1,1,4,0,4,0,10,0,0,9,1,0,3,0,1,4,0,2,1,3,1,3,1,3,60,74
"Michigan",16,145,381,99,40,553,76,480,0,3,1,2,0,6,1,12,1,0,6,0,1,1,0,3,4,0,2,1,3,1,3,1,4,51,73
"Vanderbilt",14,381,145,76,48,345,99,221,1,2,4,3,0,3,0,12,0,0,6,1,0,3,0,1,1,1,4,0,1,3,1,1,2,106,124
"Virginia Tech",19,27,160,182,50,399,91,342,0,0,0,3,0,5,0,9,0,0,6,0,0,3,0,0,3,0,0,0,2,0,5,4,7,108,57
"UL Monroe",22,258,253,201,53,538,113,454,1,1,0,2,1,1,1,4,1,0,6,0,0,2,0,0,2,1,2,0,4,1,4,1,4,65,84
"UCF",23,15,282,205,45,562,103,487,0,1,2,1,0,5,1,11,1,0,6,0,0,0,0,1,3,0,0,1,2,0,5,3,6,18,75
"Texas Tech",18,216,386,56,50,576,52,442,3,2,4,4,0,6,0,14,1,0,8,0,2,3,0,2,2,0,1,1,4,1,4,1,6,94,134
"SMU",9,386,216,52,40,374,56,268,1,4,2,2,0,2,0,12,1,0,6,2,0,2,0,3,4,1,6,0,2,4,1,0,1,83,106
"Texas A&M",19,80,178,196,65,425,125,374,0,0,1,3,0,5,0,10,0,0,8,0,0,3,0,0,3,0,1,0,3,0,5,2,6,93,51
"Texas",27,55,241,220,60,529,87,461,0,0,1,3,0,5,2,11,2,0,8,1,0,2,0,0,5,0,1,1,3,0,4,3,5,92,68
"North Texas",13,241,55,87,55,279,220,142,0,3,5,0,0,5,0,13,0,0,7,0,1,0,0,2,1,1,5,0,0,4,0,0,1,64,137
"Oregon",27,164,156,293,37,522,63,449,1,0,0,2,1,8,0,10,0,0,4,1,0,2,0,0,3,0,2,0,2,0,4,3,4,74,73
"Stanford",16,156,164,63,45,387,293,227,0,2,3,0,0,5,0,13,0,0,5,0,1,0,0,2,0,0,4,0,0,4,0,0,2,87,160
"Oklahoma State",24,99,309,222,38,586,64,531,0,1,1,1,0,4,0,6,0,0,3,0,1,0,0,1,2,0,2,1,5,0,3,1,5,72,55
"Ohio",14,152,163,164,45,524,92,327,1,1,2,1,0,6,0,13,0,0,6,2,0,0,0,0,2,1,2,1,3,0,3,0,6,69,197
"Navy",27,95,163,311,29,533,183,474,1,0,0,2,1,5,0,7,0,0,6,1,0,2,0,0,0,0,4,0,4,2,6,3,6,57,59
"ECU",13,163,95,183,55,423,311,278,0,2,0,0,0,2,0,7,0,0,6,0,1,0,0,2,0,0,6,0,1,6,2,1,4,25,145
"Missouri",26,131,294,202,66,571,69,496,0,0,3,2,0,7,0,11,0,0,6,0,4,0,0,0,1,0,1,2,2,1,4,4,9,56,75
"Michigan State",19,156,246,180,35,563,-1,426,0,0,1,2,0,7,0,15,0,0,5,2,1,0,0,0,5,0,2,2,4,0,4,2,6,52,137
"Idaho",7,246,156,-1,29,364,180,155,0,2,5,0,0,2,0,14,0,0,5,1,2,0,0,0,1,2,6,0,1,4,0,0,2,34,209
"Maryland",24,64,85,259,55,404,69,344,0,0,1,0,0,5,0,13,0,0,8,1,1,0,0,0,3,0,1,0,0,0,1,1,4,47,60
"Kansas",17,180,280,100,38,559,76,380,0,4,2,4,0,6,1,12,1,0,5,1,0,2,0,3,2,1,6,2,3,3,5,2,5,39,179
"Iowa",20,10,204,234,48,530,8,438,0,1,1,3,0,7,1,13,1,0,6,1,0,2,0,0,6,1,3,1,4,0,6,4,8,37,92
"Colorado State",17,160,150,234,35,555,41,384,0,2,2,1,0,9,1,16,1,0,5,0,1,1,0,2,3,0,2,0,2,1,4,3,6,23,171
"Clemson",15,140,334,111,65,548,70,445,0,2,5,5,0,5,0,12,0,0,7,1,1,4,0,1,1,1,5,1,5,3,4,1,7,21,103
"Florida Atlantic",13,334,140,70,23,403,111,210,0,5,1,2,0,3,0,11,0,0,4,1,1,1,0,4,5,1,7,1,2,4,3,1,5,229,193
"Boise State",22,45,247,199,68,577,126,446,0,3,2,3,0,3,1,10,1,0,6,0,0,2,0,2,4,1,4,1,4,1,6,3,7,12,131
"Auburn",14,129,100,227,60,436,126,327,0,3,4,1,0,5,0,12,1,0,7,1,1,0,0,1,4,2,3,1,0,2,1,2,2,9,109
"Washington State",13,100,129,126,20,383,227,255,1,1,4,3,0,3,0,13,1,0,4,1,1,1,0,0,4,1,2,2,1,1,2,1,3,111,128
"Arkansas",16,347,69,139,34,360,146,208,0,1,3,1,0,5,0,14,0,0,5,0,0,1,0,1,2,0,4,0,0,4,0,0,0,6,152
"USC",17,69,347,146,30,589,139,493,0,1,2,1,0,6,0,10,0,0,4,0,0,1,0,1,3,0,0,0,6,0,4,0,4,102,96
"Wyoming",14,190,181,131,76,372,218,312,0,2,0,1,0,3,0,8,1,0,7,1,0,1,0,2,2,0,3,0,1,2,3,2,4,115,60
"Utah State",23,181,190,218,55,515,131,408,1,1,2,2,0,8,0,13,1,0,9,0,1,2,0,1,0,0,4,0,2,3,2,1,3,104,107
"USF",20,150,269,112,85,488,47,381,0,1,3,3,0,7,0,14,0,0,11,1,0,1,0,1,3,0,1,2,4,0,2,1,4,144,107
"UNLV",18,92,196,202,92,493,94,398,0,0,1,2,0,6,0,12,0,0,13,0,1,2,0,0,3,0,3,0,3,1,3,1,4,101,95
"Tennessee",16,279,227,117,60,437,90,344,0,3,2,2,0,4,0,11,1,0,6,0,0,1,0,0,4,3,1,1,2,1,3,2,4,91,93
"Cal",12,227,279,90,62,451,117,369,0,2,4,3,0,4,2,14,6,0,9,0,0,0,0,1,2,1,4,3,3,3,1,0,1,17,82
"North Carolina",22,187,293,146,39,565,94,439,0,3,4,2,0,4,0,12,0,0,6,1,1,2,0,2,8,1,3,0,3,0,4,2,6,62,126
"Rutgers",12,293,187,94,88,400,146,281,0,2,8,3,0,4,0,15,0,0,10,1,1,2,0,2,4,0,6,1,1,4,0,0,3,80,119
"Nebraska",28,82,349,328,10,767,34,677,0,2,1,1,0,8,1,11,1,0,2,0,0,1,0,0,4,2,2,0,5,2,5,4,6,58,90
"Louisiana Tech",6,349,82,34,52,303,328,116,0,1,4,2,0,0,0,11,0,0,5,0,0,0,0,1,1,0,6,2,0,5,2,2,2,43,187
"NC State",19,192,257,174,101,520,85,431,0,0,1,5,0,4,0,10,0,0,9,0,1,5,0,0,3,0,3,0,4,3,2,2,4,63,89
"LSU",28,152,301,236,70,650,69,537,0,2,4,2,0,8,0,12,0,0,7,0,0,2,0,2,1,0,0,0,2,0,5,4,6,45,113
"UL Lafayette",13,301,152,69,35,378,236,221,0,2,1,2,0,2,0,11,0,0,7,0,0,2,0,2,4,0,6,0,1,5,0,0,0,86,157
"Georgia Tech",12,305,91,118,50,367,158,209,0,3,5,0,0,5,1,14,1,0,4,0,0,0,0,1,3,2,5,0,0,5,1,1,1,31,158
"Notre Dame",18,91,305,158,30,564,118,463,0,0,3,3,0,7,0,13,0,0,4,0,0,1,0,0,5,0,1,2,4,1,5,3,5,68,101
"Georgia",22,8,351,187,69,620,71,538,0,1,0,1,0,7,0,10,0,0,6,0,0,1,0,1,2,0,0,0,3,0,6,5,7,30,82
"Cincinnati",15,118,126,147,65,439,143,273,0,4,3,2,0,3,1,14,1,0,9,0,1,1,0,3,1,1,3,1,0,2,1,1,4,20,166
"Alabama",24,206,295,263,31,677,14,558,0,1,2,0,0,6,1,11,1,0,4,0,0,0,0,1,4,0,1,0,3,1,3,3,5,3,119
"Hawaii",7,295,206,14,34,378,263,220,0,0,4,1,0,4,0,13,0,0,5,0,0,1,0,0,2,0,5,0,2,3,1,0,1,32,158
"Arizona",18,391,310,145,45,582,79,455,1,1,2,1,1,5,0,13,1,0,8,1,2,1,0,0,2,1,5,0,3,4,1,0,4,4,127
"BYU",15,310,391,79,74,572,145,470,0,1,2,1,0,4,0,13,0,0,10,2,1,0,0,1,2,0,4,1,2,1,4,2,5,16,102
