week,game,away,home,awayQ1,homeQ1,awayQ2,homeQ2,awayQ3,homeQ3,awayQ4,homeQ4,awayFinal,homeFinal,schdAway,schdHome
0,0,Toledo,Iowa State,10,21,7,17,7,14,0,7,24,59,24,59
0,1,Rhode Island,Connecticut,10,3,0,28,0,7,0,21,10,59,10,59
0,2,Stephen F. Austin,Tulsa,3,21,7,7,0,21,7,7,17,56,17,56
0,3,UTEP,San Diego State,14,0,13,0,7,0,7,0,41,0,41,0
0,4,Southeastern,New Mexico State,7,3,7,14,0,14,2,14,16,45,16,45
0,5,South Carolina,Mississippi State,7,0,7,7,10,0,14,7,38,14,38,14
0,6,FIU,Mid Tenn State,0,0,0,6,7,8,14,0,21,14,21,14
0,7,Northwestern,Miami University,0,14,7,7,10,7,26,8,43,36,43,36
0,8,Minnesota,Kent State,7,7,10,6,0,0,10,0,27,13,27,13
0,9,Boston College,Central Michigan,3,7,7,3,3,0,0,0,13,10,13,10
0,10,Temple,Buffalo,0,3,17,3,6,0,0,14,23,20,23,20
0,11,Eastern Michigan,Ball State,7,10,7,10,10,0,7,15,31,35,31,35
0,12,Northern Arizona,Arizona State,0,20,7,14,0,21,3,0,10,55,10,55
0,13,Nevada,Fresno State,6,0,0,7,0,3,10,7,16,17,16,17
0,14,Syracuse,Wake Forest,7,7,7,13,0,15,0,7,14,42,14,42
0,15,TCU,Baylor,14,7,22,0,10,0,7,0,53,7,53,7
0,16,Army,Arkansas State,0,0,3,0,0,10,7,3,10,13,10,13
0,17,Marshall,West Virginia,14,7,3,10,0,14,3,7,20,38,20,38
0,18,Illinois State,Kansas State,0,7,17,10,3,7,0,21,20,45,20,45
0,19,Western Michigan,Indiana,3,0,7,3,10,0,13,7,33,10,33,10
0,20,Eastern Illinois,Illinois,10,14,7,3,7,7,12,0,36,24,36,24
0,21,Southern Miss,Florida,0,17,14,3,7,6,0,21,21,47,21,47
0,22,Richmond,Duke,14,0,0,14,0,7,0,28,14,49,14,49
0,23,Montana State,Colorado,0,14,0,21,0,14,0,14,0,63,0,63
0,24,Wisconsin,Bowling Green,14,0,10,0,14,0,21,0,59,0,59,0
0,25,Utah,UCLA,7,9,3,0,3,6,3,0,16,15,16,15
0,26,Alabama State,Troy,7,10,0,7,0,21,0,7,7,45,7,45
0,27,Houston,Rice,7,0,14,7,0,7,7,7,28,21,28,21
0,28,Virginia,Pittsburgh,7,6,3,7,7,0,7,14,24,27,24,27
0,29,Akron,Penn State,3,7,10,7,0,7,8,7,21,28,21,28
0,30,Memphis,Ole Miss,0,0,3,7,14,3,7,3,24,13,24,13
0,31,UAB,Oklahoma,3,7,0,0,0,10,0,14,3,31,3,31
0,32,Northern Illinois,Ohio State,10,7,14,14,10,7,0,14,34,42,34,42
0,33,Portland State,New Mexico,0,21,10,7,0,0,0,14,10,42,10,42
0,34,Vanderbilt,Michigan,6,7,7,0,0,14,0,10,13,31,13,31
0,35,Northeastern,Virginia Tech,0,21,0,14,0,14,0,0,0,49,0,49
0,36,Alcorn State,UL Monroe,0,7,6,8,0,21,7,7,13,43,13,43
0,37,Villanova,UCF,7,10,0,21,0,7,0,0,7,38,7,38
0,38,SMU,Texas Tech,7,7,3,3,13,12,0,19,23,41,23,41
0,39,The Citadel,Texas A&M,0,7,0,7,0,14,0,6,0,34,0,34
0,40,North Texas,Texas,0,0,3,7,0,21,0,14,3,42,3,42
0,41,Stanford,Oregon,0,15,3,10,0,14,0,7,3,46,3,46
0,42,Missouri State,Oklahoma State,0,21,0,10,0,14,0,2,0,47,0,47
0,43,Tennessee-Martin,Ohio,0,0,12,7,0,13,3,7,15,27,15,27
0,44,ECU,Navy,3,8,0,21,7,14,7,7,17,50,17,50
0,45,Murray State,Missouri,0,17,7,10,0,13,0,14,7,54,7,54
0,46,Idaho,Michigan State,0,7,13,10,0,14,0,14,13,45,13,45
0,47,William and Mary,Maryland,0,7,3,3,0,0,0,3,3,13,3,13
0,48,Northwestern St,Kansas,7,14,7,21,3,7,7,7,24,49,24,49
0,49,Montana,Iowa,3,14,0,17,0,7,0,21,3,59,3,59
0,50,Weber State,Colorado State,0,7,7,17,0,7,7,7,14,38,14,38
0,51,Florida Atlantic,Clemson,21,0,3,3,0,28,0,21,24,52,24,52
0,52,Sacramento State,Boise State,7,14,3,7,0,14,0,14,10,49,10,49
0,53,Washington State,Auburn,7,3,0,14,8,0,3,0,18,17,18,17
0,54,USC,Arkansas,14,3,14,0,14,0,9,0,51,3,51,3
0,55,Utah State,Wyoming,0,0,14,7,3,0,6,14,23,21,23,21
0,57,McNeese State,USF,0,7,7,0,0,7,3,21,10,35,10,35
0,58,Idaho State,UNLV,7,3,0,21,0,7,0,7,7,38,7,38
0,59,Cal,Tennessee,7,7,7,7,0,7,7,7,21,28,21,28
0,60,Rutgers,North Carolina,0,7,10,14,0,3,0,14,10,38,10,38
0,61,Louisiana Tech,Nebraska,0,7,7,28,7,14,0,14,14,63,14,63
0,62,Appalachian State,NC State,7,14,7,17,7,7,0,7,21,45,21,45
0,63,UL Lafayette,LSU,7,14,6,7,0,14,0,14,13,49,13,49
0,64,Notre Dame,Georgia Tech,7,0,7,7,21,0,14,0,49,7,49,7
0,65,Western Kentucky,Georgia,0,7,3,17,0,21,0,14,3,59,3,59
0,66,Eastern Kentucky,Cincinnati,0,0,3,3,3,7,21,0,27,10,27,10
0,67,Hawaii,Alabama,0,14,14,16,0,7,0,7,14,44,14,44
0,68,BYU,Arizona,7,0,7,3,14,15,3,10,31,28,31,28
